<PAMDataset>
  <PAMRasterBand band="1">
    <Histograms>
      <HistItem>
        <HistMin>-0.8500000238418579</HistMin>
        <HistMax>9.284838676452637</HistMax>
        <BucketCount>256</BucketCount>
        <IncludeOutOfRange>1</IncludeOutOfRange>
        <Approximate>0</Approximate>
        <HistCounts>169674|0|0|0|0|0|0|0|0|0|0|0|1715|0|0|11870|0|0|0|0|0|6792|0|0|713|0|0|11062|0|0|0|0|0|0|0|0|28279|0|0|36579|0|0|0|0|0|0|186430|0|0|0|0|0|0|21995|0|0|0|78755|0|0|0|45837|0|0|0|664440|0|0|0|0|0|0|0|15388|0|0|0|0|0|0|0|0|0|0|0|0|116941|0|0|0|427244|0|0|0|0|76022|0|0|0|0|0|0|0|0|0|24736|0|0|0|0|573574|0|0|0|0|0|0|0|0|0|0|0|0|0|0|0|0|0|0|0|0|0|0|0|0|0|0|0|0|0|0|0|0|0|0|0|0|0|0|0|0|0|0|0|0|0|180655|0|0|0|0|0|0|940808|0|0|0|0|0|0|1974|0|0|0|0|0|0|0|0|0|0|0|0|0|5626|0|0|0|0|0|0|0|38359|0|0|0|0|0|0|0|0|0|0|0|0|0|0|0|0|0|0|0|0|0|0|0|0|0|0|0|0|0|0|0|0|0|0|0|0|0|0|0|0|0|0|0|0|0|0|0|0|0|0|0|0|0|0|0|0|0|0|0|0|0|0|21732</HistCounts>
      </HistItem>
    </Histograms>
    <Metadata>
      <MDI key="RepresentationType">ATHEMATIC</MDI>
      <MDI key="STATISTICS_COVARIANCES">3.887381791301777</MDI>
      <MDI key="STATISTICS_EXCLUDEDVALUES"></MDI>
      <MDI key="STATISTICS_MAXIMUM">9.2848386764526</MDI>
      <MDI key="STATISTICS_MEAN">3.2761643509599</MDI>
      <MDI key="STATISTICS_MINIMUM">-0.85000002384186</MDI>
      <MDI key="STATISTICS_SKIPFACTORX">1</MDI>
      <MDI key="STATISTICS_SKIPFACTORY">1</MDI>
      <MDI key="STATISTICS_STDDEV">1.9716444383564</MDI>
    </Metadata>
  </PAMRasterBand>
</PAMDataset>
