<PAMDataset>
  <PAMRasterBand band="1">
    <Histograms>
      <HistItem>
        <HistMin>-0.5</HistMin>
        <HistMax>100.5</HistMax>
        <BucketCount>101</BucketCount>
        <IncludeOutOfRange>1</IncludeOutOfRange>
        <Approximate>0</Approximate>
        <HistCounts>0|0|0|0|0|0|0|0|0|0|0|0|0|0|0|0|0|0|0|0|0|0|0|0|0|0|0|0|0|0|0|0|0|0|0|1769|72958|0|0|16053|0|0|0|0|0|0|0|0|0|24730|0|0|0|0|0|0|41729|7199|0|2712|1138938|258266|0|0|0|0|0|0|0|607971|25753|0|104769|491533|129915|0|0|20764|0|886975|92571|84189|37353|0|178588|0|63923|31210|0|0|24366|784|9705|0|12855|2761|0|0|0|0|262853</HistCounts>
      </HistItem>
    </Histograms>
    <Metadata>
      <MDI key="RepresentationType">THEMATIC</MDI>
      <MDI key="STATISTICS_COVARIANCES">145.1818586628162</MDI>
      <MDI key="STATISTICS_EXCLUDEDVALUES"></MDI>
      <MDI key="STATISTICS_MAXIMUM">100</MDI>
      <MDI key="STATISTICS_MEAN">71.527481269923</MDI>
      <MDI key="STATISTICS_MINIMUM">35</MDI>
      <MDI key="STATISTICS_SKIPFACTORX">1</MDI>
      <MDI key="STATISTICS_SKIPFACTORY">1</MDI>
      <MDI key="STATISTICS_STDDEV">12.049143482539</MDI>
    </Metadata>
  </PAMRasterBand>
</PAMDataset>
