<metadata xml:lang="en"><Esri><CreaDate>20190415</CreaDate><CreaTime>15252200</CreaTime><ArcGISFormat>1.0</ArcGISFormat><SyncOnce>FALSE</SyncOnce><DataProperties><lineage><Process Name="Delete Features" ToolSource="c:\program files (x86)\arcgis\desktop10.1\ArcToolbox\Toolboxes\Data Management Tools.tbx\DeleteFeatures" Date="20140115" Time="163524">DeleteFeatures WBDHU10_Layer</Process><Process Name="Append (5)" ToolSource="c:\program files (x86)\arcgis\desktop10.1\ArcToolbox\Toolboxes\Data Management Tools.tbx\Append" Date="20140115" Time="164807">Append C:\Projects\WBD\WBD1904.gdb\HUC10_STRUCTURE "Database Connections\Sde26onP WBD2 Version.sde\WBD2.WBD\WBD2.WBDHU10" NO_TEST "TNMID "TNMID" true true false 40 Text 0 0 ,First,#,C:\Projects\WBD\WBD1904.gdb\HUC10_STRUCTURE,TNMID,-1,-1;METASOURCEID "METASOURCEID" true true false 40 Text 0 0 ,First,#,C:\Projects\WBD\WBD1904.gdb\HUC10_STRUCTURE,METASOURCEID,-1,-1;SOURCEDATADESC "SOURCEDATADESC" true true false 100 Text 0 0 ,First,#,C:\Projects\WBD\WBD1904.gdb\HUC10_STRUCTURE,SOURCEDATADESC,-1,-1;SOURCEORIGINATOR "SOURCEORIGINATOR" true true false 130 Text 0 0 ,First,#,C:\Projects\WBD\WBD1904.gdb\HUC10_STRUCTURE,SOURCEORIGINATOR,-1,-1;SOURCEFEATUREID "SOURCEFEATUREID" true true false 40 Text 0 0 ,First,#,C:\Projects\WBD\WBD1904.gdb\HUC10_STRUCTURE,SOURCEFEATUREID,-1,-1;LOADDATE "LOADDATE" true true false 36 Date 0 0 ,First,#,C:\Projects\WBD\WBD1904.gdb\HUC10_STRUCTURE,LOADDATE,-1,-1;GNIS_ID "GNIS_ID" true true false 4 Long 0 10 ,First,#,C:\Projects\WBD\WBD1904.gdb\HUC10_STRUCTURE,GNIS_ID,-1,-1;AREAACRES "AREAACRES" true true false 8 Double 8 38 ,First,#,C:\Projects\WBD\WBD1904.gdb\HUC10_STRUCTURE,AREAACRES,-1,-1;AREASQKM "AREASQKM" true true false 8 Double 8 38 ,First,#,C:\Projects\WBD\WBD1904.gdb\HUC10_STRUCTURE,AREASQKM,-1,-1;STATES "STATES" true true false 50 Text 0 0 ,First,#,C:\Projects\WBD\WBD1904.gdb\HUC10_STRUCTURE,STATES,-1,-1;HUC10 "HUC10" true true false 10 Text 0 0 ,First,#,C:\Projects\WBD\WBD1904.gdb\HUC10_STRUCTURE,HUC10,-1,-1;NAME "NAME" true true false 120 Text 0 0 ,First,#,C:\Projects\WBD\WBD1904.gdb\HUC10_STRUCTURE,NAME,-1,-1;HUTYPE "HUType" true true false 255 Text 0 0 ,First,#,C:\Projects\WBD\WBD1904.gdb\HUC10_STRUCTURE,HUTYPE,-1,-1;HUMOD "HUMOD" true true false 30 Text 0 0 ,First,#,C:\Projects\WBD\WBD1904.gdb\HUC10_STRUCTURE,HUMOD,-1,-1;GLOBALID "GLOBALID" false false true 38 GlobalID 0 0 ,First,#;SHAPE.AREA "SHAPE.AREA" false false true 0 Double 0 0 ,First,#;SHAPE.LEN "SHAPE.LEN" false false true 0 Double 0 0 ,First,#" #</Process><Process Name="Delete Features" ToolSource="c:\program files (x86)\arcgis\desktop10.1\ArcToolbox\Toolboxes\Data Management Tools.tbx\DeleteFeatures" Date="20140305" Time="160419">DeleteFeatures WBDHU10_Layer</Process><Process Name="Append (5)" ToolSource="c:\program files (x86)\arcgis\desktop10.1\ArcToolbox\Toolboxes\Data Management Tools.tbx\Append" Date="20140306" Time="083354">Append C:\Projects\WBD\WBD1904.gdb\HUC10_STRUCTURE "Database Connections\Sde26onP WBD2 Version.sde\WBD2.WBD\WBD2.WBDHU10" NO_TEST "TNMID "TNMID" true true false 40 Text 0 0 ,First,#,C:\Projects\WBD\WBD1904.gdb\HUC10_STRUCTURE,TNMID,-1,-1;METASOURCEID "METASOURCEID" true true false 40 Text 0 0 ,First,#,C:\Projects\WBD\WBD1904.gdb\HUC10_STRUCTURE,METASOURCEID,-1,-1;SOURCEDATADESC "SOURCEDATADESC" true true false 100 Text 0 0 ,First,#,C:\Projects\WBD\WBD1904.gdb\HUC10_STRUCTURE,SOURCEDATADESC,-1,-1;SOURCEORIGINATOR "SOURCEORIGINATOR" true true false 130 Text 0 0 ,First,#,C:\Projects\WBD\WBD1904.gdb\HUC10_STRUCTURE,SOURCEORIGINATOR,-1,-1;SOURCEFEATUREID "SOURCEFEATUREID" true true false 40 Text 0 0 ,First,#,C:\Projects\WBD\WBD1904.gdb\HUC10_STRUCTURE,SOURCEFEATUREID,-1,-1;LOADDATE "LOADDATE" true true false 36 Date 0 0 ,First,#,C:\Projects\WBD\WBD1904.gdb\HUC10_STRUCTURE,LOADDATE,-1,-1;GNIS_ID "GNIS_ID" true true false 4 Long 0 10 ,First,#,C:\Projects\WBD\WBD1904.gdb\HUC10_STRUCTURE,GNIS_ID,-1,-1;AREAACRES "AREAACRES" true true false 8 Double 8 38 ,First,#,C:\Projects\WBD\WBD1904.gdb\HUC10_STRUCTURE,AREAACRES,-1,-1;AREASQKM "AREASQKM" true true false 8 Double 8 38 ,First,#,C:\Projects\WBD\WBD1904.gdb\HUC10_STRUCTURE,AREASQKM,-1,-1;STATES "STATES" true true false 50 Text 0 0 ,First,#,C:\Projects\WBD\WBD1904.gdb\HUC10_STRUCTURE,STATES,-1,-1;HUC10 "HUC10" true true false 10 Text 0 0 ,First,#,C:\Projects\WBD\WBD1904.gdb\HUC10_STRUCTURE,HUC10,-1,-1;NAME "NAME" true true false 120 Text 0 0 ,First,#,C:\Projects\WBD\WBD1904.gdb\HUC10_STRUCTURE,NAME,-1,-1;HUTYPE "HUType" true true false 255 Text 0 0 ,First,#,C:\Projects\WBD\WBD1904.gdb\HUC10_STRUCTURE,HUTYPE,-1,-1;HUMOD "HUMOD" true true false 30 Text 0 0 ,First,#,C:\Projects\WBD\WBD1904.gdb\HUC10_STRUCTURE,HUMOD,-1,-1;GLOBALID "GLOBALID" false false true 38 GlobalID 0 0 ,First,#;SHAPE.AREA "SHAPE.AREA" false false true 0 Double 0 0 ,First,#;SHAPE.LEN "SHAPE.LEN" false false true 0 Double 0 0 ,First,#" #</Process><Process Name="Delete Features" ToolSource="c:\program files (x86)\arcgis\desktop10.1\ArcToolbox\Toolboxes\Data Management Tools.tbx\DeleteFeatures" Date="20140306" Time="101823">DeleteFeatures WBDHU10_Layer</Process><Process Name="Append (5)" ToolSource="c:\program files (x86)\arcgis\desktop10.1\ArcToolbox\Toolboxes\Data Management Tools.tbx\Append" Date="20140306" Time="103714">Append C:\Projects\WBD\WBD1904.gdb\HUC10_STRUCTURE "Database Connections\Sde26onP WBD2 Version.sde\WBD2.WBD\WBD2.WBDHU10" NO_TEST "TNMID "TNMID" true true false 40 Text 0 0 ,First,#,C:\Projects\WBD\WBD1904.gdb\HUC10_STRUCTURE,TNMID,-1,-1;METASOURCEID "METASOURCEID" true true false 40 Text 0 0 ,First,#,C:\Projects\WBD\WBD1904.gdb\HUC10_STRUCTURE,METASOURCEID,-1,-1;SOURCEDATADESC "SOURCEDATADESC" true true false 100 Text 0 0 ,First,#,C:\Projects\WBD\WBD1904.gdb\HUC10_STRUCTURE,SOURCEDATADESC,-1,-1;SOURCEORIGINATOR "SOURCEORIGINATOR" true true false 130 Text 0 0 ,First,#,C:\Projects\WBD\WBD1904.gdb\HUC10_STRUCTURE,SOURCEORIGINATOR,-1,-1;SOURCEFEATUREID "SOURCEFEATUREID" true true false 40 Text 0 0 ,First,#,C:\Projects\WBD\WBD1904.gdb\HUC10_STRUCTURE,SOURCEFEATUREID,-1,-1;LOADDATE "LOADDATE" true true false 36 Date 0 0 ,First,#,C:\Projects\WBD\WBD1904.gdb\HUC10_STRUCTURE,LOADDATE,-1,-1;GNIS_ID "GNIS_ID" true true false 4 Long 0 10 ,First,#,C:\Projects\WBD\WBD1904.gdb\HUC10_STRUCTURE,GNIS_ID,-1,-1;AREAACRES "AREAACRES" true true false 8 Double 8 38 ,First,#,C:\Projects\WBD\WBD1904.gdb\HUC10_STRUCTURE,AREAACRES,-1,-1;AREASQKM "AREASQKM" true true false 8 Double 8 38 ,First,#,C:\Projects\WBD\WBD1904.gdb\HUC10_STRUCTURE,AREASQKM,-1,-1;STATES "STATES" true true false 50 Text 0 0 ,First,#,C:\Projects\WBD\WBD1904.gdb\HUC10_STRUCTURE,STATES,-1,-1;HUC10 "HUC10" true true false 10 Text 0 0 ,First,#,C:\Projects\WBD\WBD1904.gdb\HUC10_STRUCTURE,HUC10,-1,-1;NAME "NAME" true true false 120 Text 0 0 ,First,#,C:\Projects\WBD\WBD1904.gdb\HUC10_STRUCTURE,NAME,-1,-1;HUTYPE "HUType" true true false 255 Text 0 0 ,First,#,C:\Projects\WBD\WBD1904.gdb\HUC10_STRUCTURE,HUTYPE,-1,-1;HUMOD "HUMOD" true true false 30 Text 0 0 ,First,#,C:\Projects\WBD\WBD1904.gdb\HUC10_STRUCTURE,HUMOD,-1,-1;GLOBALID "GLOBALID" false false true 38 GlobalID 0 0 ,First,#;SHAPE.AREA "SHAPE.AREA" false false true 0 Double 0 0 ,First,#;SHAPE.LEN "SHAPE.LEN" false false true 0 Double 0 0 ,First,#" #</Process><Process Name="Delete Features" ToolSource="c:\arcgis\desktop10.1\ArcToolbox\Toolboxes\Data Management Tools.tbx\DeleteFeatures" Date="20140312" Time="160626">DeleteFeatures WBDHU10_Layer</Process><Process Name="Append (5)" ToolSource="c:\arcgis\desktop10.1\ArcToolbox\Toolboxes\Data Management Tools.tbx\Append" Date="20140312" Time="162145">Append D:\Projects\WBD\WBD1904.gdb\HUC10_STRUCTURE "Database Connections\SueP_WBD2_Version.sde\WBD2.WBD\WBD2.WBDHU10" NO_TEST "TNMID "TNMID" true true false 40 Text 0 0 ,First,#,D:\Projects\WBD\WBD1904.gdb\HUC10_STRUCTURE,TNMID,-1,-1;METASOURCEID "METASOURCEID" true true false 40 Text 0 0 ,First,#,D:\Projects\WBD\WBD1904.gdb\HUC10_STRUCTURE,METASOURCEID,-1,-1;SOURCEDATADESC "SOURCEDATADESC" true true false 100 Text 0 0 ,First,#,D:\Projects\WBD\WBD1904.gdb\HUC10_STRUCTURE,SOURCEDATADESC,-1,-1;SOURCEORIGINATOR "SOURCEORIGINATOR" true true false 130 Text 0 0 ,First,#,D:\Projects\WBD\WBD1904.gdb\HUC10_STRUCTURE,SOURCEORIGINATOR,-1,-1;SOURCEFEATUREID "SOURCEFEATUREID" true true false 40 Text 0 0 ,First,#,D:\Projects\WBD\WBD1904.gdb\HUC10_STRUCTURE,SOURCEFEATUREID,-1,-1;LOADDATE "LOADDATE" true true false 36 Date 0 0 ,First,#,D:\Projects\WBD\WBD1904.gdb\HUC10_STRUCTURE,LOADDATE,-1,-1;GNIS_ID "GNIS_ID" true true false 4 Long 0 10 ,First,#,D:\Projects\WBD\WBD1904.gdb\HUC10_STRUCTURE,GNIS_ID,-1,-1;AREAACRES "AREAACRES" true true false 8 Double 8 38 ,First,#,D:\Projects\WBD\WBD1904.gdb\HUC10_STRUCTURE,AREAACRES,-1,-1;AREASQKM "AREASQKM" true true false 8 Double 8 38 ,First,#,D:\Projects\WBD\WBD1904.gdb\HUC10_STRUCTURE,AREASQKM,-1,-1;STATES "STATES" true true false 50 Text 0 0 ,First,#,D:\Projects\WBD\WBD1904.gdb\HUC10_STRUCTURE,STATES,-1,-1;HUC10 "HUC10" true true false 10 Text 0 0 ,First,#,D:\Projects\WBD\WBD1904.gdb\HUC10_STRUCTURE,HUC10,-1,-1;NAME "NAME" true true false 120 Text 0 0 ,First,#,D:\Projects\WBD\WBD1904.gdb\HUC10_STRUCTURE,NAME,-1,-1;HUTYPE "HUType" true true false 255 Text 0 0 ,First,#,D:\Projects\WBD\WBD1904.gdb\HUC10_STRUCTURE,HUTYPE,-1,-1;HUMOD "HUMOD" true true false 30 Text 0 0 ,First,#,D:\Projects\WBD\WBD1904.gdb\HUC10_STRUCTURE,HUMOD,-1,-1;GLOBALID "GLOBALID" false false true 38 GlobalID 0 0 ,First,#;SHAPE.AREA "SHAPE.AREA" false false true 0 Double 0 0 ,First,#;SHAPE.LEN "SHAPE.LEN" false false true 0 Double 0 0 ,First,#" #</Process><Process Name="Delete Features" ToolSource="c:\program files (x86)\arcgis\desktop10.1\ArcToolbox\Toolboxes\Data Management Tools.tbx\DeleteFeatures" Date="20140625" Time="092937">DeleteFeatures Original\WBDHU10ORIG</Process><Process Name="Append" ToolSource="c:\program files (x86)\arcgis\desktop10.1\ArcToolbox\Toolboxes\Data Management Tools.tbx\Append" Date="20140625" Time="095318">Append New\WBDHU10GL Original\WBDHU10ORIG NO_TEST "TNMID "TNMID" true true false 40 Text 0 0 ,First,#,D:\Projects\WBD\GreatLakeFixes.gdb\WBDHU10GL,TNMID,-1,-1;METASOURCEID "METASOURCEID" true true false 40 Text 0 0 ,First,#,D:\Projects\WBD\GreatLakeFixes.gdb\WBDHU10GL,MetaSourceID,-1,-1;SOURCEDATADESC "SOURCEDATADESC" true true false 100 Text 0 0 ,First,#,D:\Projects\WBD\GreatLakeFixes.gdb\WBDHU10GL,SourceDataDesc,-1,-1;SOURCEORIGINATOR "SOURCEORIGINATOR" true true false 130 Text 0 0 ,First,#,D:\Projects\WBD\GreatLakeFixes.gdb\WBDHU10GL,SourceOriginator,-1,-1;SOURCEFEATUREID "SOURCEFEATUREID" true true false 40 Text 0 0 ,First,#,D:\Projects\WBD\GreatLakeFixes.gdb\WBDHU10GL,SourceFeatureID,-1,-1;LOADDATE "LOADDATE" true true false 36 Date 0 0 ,First,#,D:\Projects\WBD\GreatLakeFixes.gdb\WBDHU10GL,LoadDate,-1,-1;GNIS_ID "GNIS_ID" true true false 4 Long 0 10 ,First,#,D:\Projects\WBD\GreatLakeFixes.gdb\WBDHU10GL,GNIS_ID,-1,-1;AREAACRES "AREAACRES" true true false 8 Double 8 38 ,First,#,D:\Projects\WBD\GreatLakeFixes.gdb\WBDHU10GL,AreaAcres,-1,-1;AREASQKM "AREASQKM" true true false 8 Double 8 38 ,First,#,D:\Projects\WBD\GreatLakeFixes.gdb\WBDHU10GL,AreaSqKm,-1,-1;STATES "STATES" true true false 50 Text 0 0 ,First,#,D:\Projects\WBD\GreatLakeFixes.gdb\WBDHU10GL,States,-1,-1;HUC10 "HUC10" true true false 10 Text 0 0 ,First,#,D:\Projects\WBD\GreatLakeFixes.gdb\WBDHU10GL,HUC10,-1,-1;NAME "NAME" true true false 120 Text 0 0 ,First,#,D:\Projects\WBD\GreatLakeFixes.gdb\WBDHU10GL,Name,-1,-1;HUTYPE "HUType" true true false 255 Text 0 0 ,First,#,D:\Projects\WBD\GreatLakeFixes.gdb\WBDHU10GL,HUType,-1,-1;HUMOD "HUMOD" true true false 30 Text 0 0 ,First,#,D:\Projects\WBD\GreatLakeFixes.gdb\WBDHU10GL,HUMod,-1,-1;GLOBALID "GLOBALID" false false true 38 GlobalID 0 0 ,First,#;SHAPE.AREA "SHAPE.AREA" false false true 0 Double 0 0 ,First,#;SHAPE.LEN "SHAPE.LEN" false false true 0 Double 0 0 ,First,#" #</Process><Process ToolSource="c:\program files (x86)\arcgis\desktop10.1\ArcToolbox\Toolboxes\Data Management Tools.tbx\CalculateField" Date="20150128" Time="133014">CalculateField WBD2.WBDHU10 TNMID [GLOBALID] VB #</Process><Process ToolSource="c:\program files (x86)\arcgis\desktop10.1\ArcToolbox\Toolboxes\Data Management Tools.tbx\CalculateField" Date="20150323" Time="132810">CalculateField WBD2.WBDHU10 TNMID [GLOBALID] VB #</Process><Process ToolSource="c:\program files (x86)\arcgis\desktop10.1\ArcToolbox\Toolboxes\Data Management Tools.tbx\CalculateField" Date="20150323" Time="135105">CalculateField WBD2.WBDHU10 TNMID [GLOBALID] VB #</Process><Process ToolSource="c:\program files (x86)\arcgis\desktop10.1\ArcToolbox\Toolboxes\Data Management Tools.tbx\CalculateField" Date="20150514" Time="190100">CalculateField WBD2.WBDHU10 TNMID [GLOBALID] VB #</Process><Process ToolSource="c:\program files (x86)\arcgis\desktop10.2\ArcToolbox\Toolboxes\Data Management Tools.tbx\CopyFeatures" Date="20160901" Time="190922">CopyFeatures \\igskbthifsfasd1\nvm_extracts\NVMGeo\DM\SDEConnect\Sde27onR_WBD.sde\WBD.WBD\WBD.WBDHU10 \\igskbthifsfasd1\nvm_extracts\StagedHold\Datasets\WBD\10.1\WBD_National.gdb\WBD\WBDHU10 # 0 0 0</Process><Process ToolSource="c:\program files (x86)\arcgis\desktop10.4\ArcToolbox\Toolboxes\Data Management Tools.tbx\CopyFeatures" Date="20161118" Time="164214">CopyFeatures SeHUC-10 "\\minnow.cc.vt.edu\cnre1\carstens\My Documents\Classes\class documents\Modeling in GIS - 4084\Labs\Flooding\WBD_National_Sept2016.gdb\UTM17\SeHUC_10" # 0 0 0</Process><Process ToolSource="c:\program files\arcgis\pro\Resources\ArcToolbox\toolboxes\Data Management Tools.tbx\Project" Date="20190415" Time="152522">Project SeHUC10 "C:\Geog4084\Lab 8\Lab 8\Lab 8.gdb\SeHUC10_Project" GEOGCS['GCS_North_American_1983',DATUM['D_North_American_1983',SPHEROID['GRS_1980',6378137.0,298.257222101]],PRIMEM['Greenwich',0.0],UNIT['Degree',0.0174532925199433]] # PROJCS['NAD_1983_UTM_Zone_17N',GEOGCS['GCS_North_American_1983',DATUM['D_North_American_1983',SPHEROID['GRS_1980',6378137.0,298.257222101]],PRIMEM['Greenwich',0.0],UNIT['Degree',0.0174532925199433]],PROJECTION['Transverse_Mercator'],PARAMETER['False_Easting',500000.0],PARAMETER['False_Northing',0.0],PARAMETER['Central_Meridian',-81.0],PARAMETER['Scale_Factor',0.9996],PARAMETER['Latitude_Of_Origin',0.0],UNIT['Meter',1.0]] NO_PRESERVE_SHAPE # NO_VERTICAL</Process><Process ToolSource="c:\program files\arcgis\pro\Resources\ArcToolbox\toolboxes\Data Management Tools.tbx\CopyFeatures" Date="20190422" Time="145034">CopyFeatures SeHUC10_Project "C:\Geog4084\Lab 8\HUC10.shp" # # # #</Process><Process ToolSource="c:\program files\arcgis\pro\Resources\ArcToolbox\toolboxes\Data Management Tools.tbx\CopyFeatures" Date="20190422" Time="175631">CopyFeatures HUC10 "C:\GEOG 4084\Lab 8\Lab 8.gdb\HUC10_CopyFeatures" # # # #</Process><Process ToolSource="c:\program files\arcgis\pro\Resources\ArcToolbox\toolboxes\Data Management Tools.tbx\CopyFeatures" Date="20190422" Time="175819">CopyFeatures HUC10_CopyFeatures "C:\GEOG 4084\Lab 8\HUC10.shp" # # # #</Process></lineage><itemProps><itemLocation><linkage Sync="TRUE">file://\\USER-HP\C$\GEOG 4084\Lab 8\HUC10.shp</linkage><protocol Sync="TRUE">Local Area Network</protocol></itemLocation><itemName Sync="TRUE">HUC10</itemName><nativeExtBox><westBL Sync="TRUE">-179.229655</westBL><eastBL Sync="TRUE">179.856675</eastBL><southBL Sync="TRUE">-14.424695</southBL><northBL Sync="TRUE">71.439573</northBL><exTypeCode Sync="TRUE">1</exTypeCode></nativeExtBox><imsContentType Sync="TRUE">002</imsContentType><itemSize Sync="TRUE">0.000</itemSize></itemProps><coordRef><type Sync="TRUE">Geographic</type><geogcsn Sync="TRUE">GCS_North_American_1983</geogcsn><csUnits Sync="TRUE">Angular Unit: Degree (0.017453)</csUnits><peXml Sync="TRUE">&lt;GeographicCoordinateSystem xsi:type='typens:GeographicCoordinateSystem' xmlns:xsi='http://www.w3.org/2001/XMLSchema-instance' xmlns:xs='http://www.w3.org/2001/XMLSchema' xmlns:typens='http://www.esri.com/schemas/ArcGIS/2.2.0'&gt;&lt;WKT&gt;GEOGCS[&amp;quot;GCS_North_American_1983&amp;quot;,DATUM[&amp;quot;D_North_American_1983&amp;quot;,SPHEROID[&amp;quot;GRS_1980&amp;quot;,6378137.0,298.257222101]],PRIMEM[&amp;quot;Greenwich&amp;quot;,0.0],UNIT[&amp;quot;Degree&amp;quot;,0.0174532925199433],AUTHORITY[&amp;quot;EPSG&amp;quot;,4269]]&lt;/WKT&gt;&lt;XOrigin&gt;-400&lt;/XOrigin&gt;&lt;YOrigin&gt;-400&lt;/YOrigin&gt;&lt;XYScale&gt;11258999068426.238&lt;/XYScale&gt;&lt;ZOrigin&gt;-100000&lt;/ZOrigin&gt;&lt;ZScale&gt;10000&lt;/ZScale&gt;&lt;MOrigin&gt;-100000&lt;/MOrigin&gt;&lt;MScale&gt;10000&lt;/MScale&gt;&lt;XYTolerance&gt;8.9831528411952133e-09&lt;/XYTolerance&gt;&lt;ZTolerance&gt;0.001&lt;/ZTolerance&gt;&lt;MTolerance&gt;0.001&lt;/MTolerance&gt;&lt;HighPrecision&gt;true&lt;/HighPrecision&gt;&lt;LeftLongitude&gt;-180&lt;/LeftLongitude&gt;&lt;WKID&gt;4269&lt;/WKID&gt;&lt;LatestWKID&gt;4269&lt;/LatestWKID&gt;&lt;/GeographicCoordinateSystem&gt;</peXml></coordRef></DataProperties><ArcGISstyle>ISO 19139 Metadata Implementation Specification</ArcGISstyle><SyncDate>20190422</SyncDate><SyncTime>17581900</SyncTime><ModDate>20190422</ModDate><ModTime>17581900</ModTime><scaleRange><minScale>250000</minScale><maxScale>24000</maxScale></scaleRange></Esri><mdLang><languageCode value="eng"/><countryCode value="USA" Sync="TRUE"></countryCode></mdLang><mdChar><CharSetCd value="004"/></mdChar><mdHrLv><ScopeCd value="005"/></mdHrLv><mdContact><rpIndName>WBD Point of Contact</rpIndName><rpOrgName>U.S. Geological Survey</rpOrgName><rpCntInfo><cntPhone><voiceNum>1-877-275-8747</voiceNum></cntPhone><cntAddress addressType="postal"><delPoint>U.S. Geological Survey, National Geospatial Technical Operations Center, P.O. Box 25046</delPoint><city>Denver</city><adminArea>CO</adminArea><postCode>80225</postCode><eMailAdd>bpgeo@usgs.gov</eMailAdd></cntAddress></rpCntInfo><role><RoleCd value="007"/></role></mdContact><mdDateSt Sync="TRUE">20190422</mdDateSt><mdStanName>ArcGIS Metadata</mdStanName><mdStanVer>1.0</mdStanVer><distInfo><distributor><distorCont><rpOrgName>U.S. Geological Survey</rpOrgName><rpCntInfo><cntPhone><voiceNum>1-877-275-8747</voiceNum></cntPhone><cntAddress addressType="postal"><delPoint>U.S. Geological Survey, National Geospatial Technical Operations Center, P.O. Box 25046</delPoint><city>Denver</city><adminArea>CO</adminArea><postCode>80225</postCode><eMailAdd>bpgeo@usgs.gov</eMailAdd></cntAddress></rpCntInfo><role><RoleCd value="005"/></role></distorCont><distorOrdPrc><resFees>None. No fees are applicable for obtaining the data set.</resFees></distorOrdPrc><distorFormat><formatName>Vector Digital Data Set (Polygon)</formatName></distorFormat><distorTran><onLineSrc><linkage>http://nhd.usgs.gov/wbd.html</linkage></onLineSrc></distorTran></distributor><distTranOps><onLineSrc><linkage>http://nhd.usgs.gov/wbd.html</linkage></onLineSrc><transSize Sync="TRUE">0.000</transSize></distTranOps><distFormat><formatName Sync="TRUE">Shapefile</formatName></distFormat></distInfo><dataIdInfo><idCitation><resTitle Sync="TRUE">HUC10</resTitle><date><pubDate>2015-12-16</pubDate></date><citRespParty><rpOrgName>U.S. Environmental Protection Agency (EPA)</rpOrgName><role><RoleCd value="006"/></role></citRespParty><citRespParty><rpOrgName>Other Federal, State, and local partners (see dataset specific metadata for details http://nhd.usgs.gov/wbd_metadata.html)</rpOrgName><role><RoleCd value="006"/></role></citRespParty><citRespParty><rpOrgName>U.S. Geological Survey (USGS)</rpOrgName><role><RoleCd value="006"/></role></citRespParty><citRespParty><rpOrgName>U.S. Department of Agriculture - Natural Resource Conservation Service (NRCS)</rpOrgName><role><RoleCd value="006"/></role></citRespParty><presForm><fgdcGeoform>Vector Digital Data Set</fgdcGeoform><PresFormCd value="005" Sync="TRUE"></PresFormCd></presForm></idCitation><idAbs>The Watershed Boundary Dataset (WBD) is a comprehensive aggregated collection of hydrologic unit data consistent with the national criteria for delineation and resolution. It defines the areal extent of surface water drainage to a point except in coastal or lake front areas where there could be multiple outlets as stated by the "Federal Standards and Procedures for the National Watershed Boundary Dataset (WBD)" “Standard” (http://pubs.usgs.gov/tm/11/a3/). Watershed boundaries are determined solely upon science-based hydrologic principles, not favoring any administrative boundaries or special projects, nor particular program or agency. This dataset represents the hydrologic unit boundaries to the 12-digit (6th level) for the entire United States. Some areas may also include additional subdivisions representing the 14- and 16-digit hydrologic unit (HU). At a minimum, the HUs are delineated at 1:24,000-scale in the conterminous United States, 1:25,000-scale in Hawaii, Pacific basin and the Caribbean, and 1:63,360-scale in Alaska, meeting the National Map Accuracy Standards (NMAS). Higher resolution boundaries are being developed where partners and data exist and will be incorporated back into the WBD. WBD data are delivered as a dataset of polygons and corresponding lines that define the boundary of the polygon. WBD polygon attributes include hydrologic unit codes (HUC), size (in the form of acres and square kilometers), name, downstream hydrologic unit code, type of watershed, non-contributing areas, and flow modifications. The HUC describes where the unit is in the country and the level of the unit. WBD line attributes contain the highest level of hydrologic unit for each boundary, line source information and flow modifications.</idAbs><idPurp>The intent of defining Hydrologic Units (HU) within the Watershed Boundary Dataset is to establish a base-line drainage boundary framework, accounting for all land and surface areas. Hydrologic units are intended to be used as a tool for water-resource management and planning activities particularly for site-specific and localized studies requiring a level of detail provided by large-scale map information. The WBD complements the National Hydrography Dataset (NHD) and supports numerous programmatic missions and activities including: watershed management, rehabilitation and enhancement, aquatic species conservation strategies, flood plain management and flood prevention, water-quality initiatives and programs, dam safety programs, fire assessment and management, resource inventory and assessment, water data analysis and water census.</idPurp><idCredit>Funding for the Watershed Boundary Dataset (WBD) was provided by the USDA-NRCS, USGS and EPA along with other federal, state and local agenciesies. Representatives from many agencies contributed a substantial amount of time and salary towards quality review and updating of the dataset in order to meet the WBD Standards. Acknowledgment of the originating agencies would be appreciated in products derived from these data. See dataset specific metadata for further information</idCredit><idStatus><ProgCd value="001"/></idStatus><idPoC><rpOrgName>U.S. Geological Survey</rpOrgName><rpCntInfo><cntPhone><voiceNum>1-877-275-8747</voiceNum></cntPhone><cntAddress addressType="postal"><delPoint>U.S. Geological Survey, National Geospatial Technical Operations Center, P.O. Box 25046</delPoint><city>Denver</city><adminArea>CO</adminArea><postCode>80225</postCode><eMailAdd>bpgeo@usgs.gov</eMailAdd></cntAddress></rpCntInfo><role><RoleCd value="007"/></role></idPoC><resMaint><maintFreq><MaintFreqCd value="009"/></maintFreq></resMaint><placeKeys><keyword>US</keyword><keyword>United States</keyword><thesaName><resTitle>U.S. Department of Commerce, 1977, Countries, dependencies, areas of special sovereignty, and their principal administrative divisions (Federal Information Processing Standards 10-3): Washington, D.C., National Institute of Standards and Technology.</resTitle></thesaName></placeKeys><themeKeys><keyword>Watershed Boundary Dataset</keyword><keyword>Sub-region</keyword><keyword>12-digit</keyword><keyword>10-digit</keyword><keyword>Region</keyword><keyword>Sub-basin</keyword><keyword>8-digit</keyword><keyword>2-digit</keyword><keyword>inlandWaters</keyword><keyword>Hydrologic Units</keyword><keyword>Subwatershed</keyword><keyword>14-digit</keyword><keyword>WBD</keyword><keyword>6-digit</keyword><keyword>4-digit</keyword><keyword>Basin</keyword><keyword>Hydrologic Unit Code</keyword><keyword>HUC</keyword><keyword>16-digit</keyword><keyword>Watershed</keyword><thesaName><resTitle>ISO 19115 Topic Category</resTitle></thesaName></themeKeys><searchKeys><keyword>Watershed Boundary Dataset</keyword><keyword>Sub-region</keyword><keyword>12-digit</keyword><keyword>10-digit</keyword><keyword>Region</keyword><keyword>Sub-basin</keyword><keyword>US</keyword><keyword>United States</keyword><keyword>8-digit</keyword><keyword>2-digit</keyword><keyword>inlandWaters</keyword><keyword>Hydrologic Units</keyword><keyword>Subwatershed</keyword><keyword>14-digit</keyword><keyword>WBD</keyword><keyword>6-digit</keyword><keyword>4-digit</keyword><keyword>Basin</keyword><keyword>Hydrologic Unit Code</keyword><keyword>HUC</keyword><keyword>16-digit</keyword><keyword>Watershed</keyword></searchKeys><resConst><LegConsts><useLimit>The distributor shall not be held liable for improper or incorrect use of this data, based on the description of appropriate/inappropriate uses described in this metadata document. It is strongly recommended that this data is directly acquired from the distributor and not indirectly through other sources which may have changed the data in some way. The Watershed Boundary Dataset is public information and may be interpreted by all organizations, agencies, units of government, or others based on needs; however, they are responsible for the appropriate application of the data. Federal, State, or local regulatory bodies are not to reassign to the U.S. Department of Agriculture-Natural Resources Conservation Service or the U.S. Geological Survey any authority for the decisions they make. Photographic or digital enlargement of these maps to scales greater than that at which they were originally delineated can result in misrepresentation of the data. If enlarged, the maps will not include the fine detail that would be appropriate for mapping at the small scale. Digital data files are periodically updated. Files are dated, and users are responsible for obtaining the latest version of the data from the source distributor.</useLimit></LegConsts></resConst><resConst><Consts><useLimit>The distributor shall not be held liable for improper or incorrect use of this data, based on the description of appropriate/inappropriate uses described in this metadata document. It is strongly recommended that this data is directly acquired from the distributor and not indirectly through other sources which may have changed the data in some way. These data should not be used at scales greater than 1:24,000 for the purpose of identifying hydrographic watershed boundary feature locations in the United States. The Watershed Boundary Dataset is public information and may be interpreted by all organizations, agencies, units of government, or others based on needs; however, they are responsible for the appropriate application of the data. Photographic or digital enlargement of these maps to scales greater than that at which they were originally delineated can result in misrepresentation of the data. If enlarged, the maps will not include the fine detail that would be appropriate for mapping at the small scale. Digital data files are periodically updated and users are responsible for obtaining the latest version of the data from the source distributor. Acknowledgment of the origination agencies would be appreciated in products derived from these data.</useLimit></Consts></resConst><spatRpType><SpatRepTypCd value="001"/></spatRpType><dataLang><languageCode value="eng"/><countryCode value="USA" Sync="TRUE"></countryCode></dataLang><tpCat><TopicCatCd value="012"/></tpCat><envirDesc Sync="TRUE">Microsoft Windows 10 Version 10.0 (Build 17134) ; Esri ArcGIS 12.2.0.12813</envirDesc><dataExt><geoEle><GeoBndBox><westBL>-179.229655487</westBL><eastBL>179.856674735</eastBL><southBL>-14.4246950943</southBL><northBL>71.4395725902</northBL></GeoBndBox></geoEle></dataExt><dataExt><exDesc>publication date</exDesc><tempEle><TempExtent><exTemp><TM_Period><tmBegin>1980-01-01</tmBegin><tmEnd>2016-01-01</tmEnd></TM_Period></exTemp></TempExtent></tempEle><geoEle/></dataExt><suppInfo>The WBD was produced and is maintained through a cooperative process involving state, federal and local partners. Process information for a specific state or region can be found within the state specific metadata located at http://nhd.usgs.gov/wbd_metdata.html. This metadata file has information for WBD features contained in the WBD feature dataset. This includes information about the 2-, 4-, 6-, 8-, 10-, 12-, 14-, 16-digit polygons and WBD_Line dataset. Users accessing the WBD via shapefile will need to search for the attribution related to that specific dataset.</suppInfo><dataExt><geoEle><GeoBndBox esriExtentType="search"><exTypeCode Sync="TRUE">1</exTypeCode><westBL Sync="TRUE">-179.229655</westBL><eastBL Sync="TRUE">179.856675</eastBL><northBL Sync="TRUE">71.439573</northBL><southBL Sync="TRUE">-14.424695</southBL></GeoBndBox></geoEle></dataExt></dataIdInfo><dqInfo><dqScope><scpLvl><ScopeCd value="005"/></scpLvl></dqScope><report type="DQTopConsis"><evalMethDesc>Lines, polygons and nodes conform to topological rules. Lines intersect only at nodes, and all nodes anchor the ends of lines. Lines do not overshoot or undershoot other lines where they are supposed to meet. There are no duplicate lines. Lines bound polygons. Gaps and overlaps among polygons do not exist. All polygons close.</evalMethDesc></report><report type="DQConcConsis"><measDesc>Lines, polygons and nodes conform to topological rules. Lines intersect only at nodes, and all nodes anchor the ends of lines. Lines do not overshoot or undershoot other lines where they are supposed to meet. There are no duplicate lines. Lines bound polygons. Gaps and overlaps among polygons do not exist. All polygons close.</measDesc></report><report type="DQCompOm"><measDesc>The WBD contains completed polygons at every level for the United States. All required fields within the polygon and line datasets are populated. Some of these fields may be populated with a zeor "0". The lines coincident with the international boundary are assigned a HULevel value of 0. These cannot be attributed until the adjacent international units are added at which point the highest level of hydrologic unit can be determined. A detailed description of delineation methods and full attribute definitions can be found in the WBD Standards. Users are advised to carefully read the metadata record for additional details.</measDesc></report><report type="DQQuanAttAcc"><measDesc>All attempts were made to verify 100% of the initially required attributes using 24K digital raster graphics (DRGs) as the base. Additional datasets, like the Geographic Names Information System (GNIS) and NHD, may also have been used to verify attribution. The accuracy of this data is dependent on the level of detail of the source material and the interpretation procedures for capturing that source. Other sources and methods may have been used to create or update WBD data. In some cases, additional information may be found in the WBD Metadata table.</measDesc></report><report type="DQAbsExtPosAcc" dimension="horizontal"><measDesc>The WBD was produced using a variety of digital spatial data including but not limited to Digital Raster Graphics (DRGs), aerial imagery and digital elevation models (DEM). It is assumed these data are mapped at approximately 1:24,000-scale and contain a minimum inherent error of +/- 40 feet. It should be noted that the WBD is undergoing continuous update as source data improves and as hydrologic interpretations are refined. While general rules of hydrology were used in delineation, locations of boundaries may be subjective in some cases. Additional information may be found in the WBD Metadata table.</measDesc></report><report type="DQAbsExtPosAcc" dimension="vertical"><measDesc>A formal accuracy assessment of the vertical positional information in the data set has either not been conducted, or is not applicable.</measDesc></report><dataLineage><prcStep><stepDesc>Additional information about the processes used to create and maintain the WBD after June of 2012 can be found in the table called METAPROCESSDETAIL. The process descriptions are linked using the TNMID to the FEATURETOMETADATA table. In addition the METASOURCEDETAIL table can also be linked to determine the sources used to create or update the WBD data.</stepDesc><stepDateTm>2012-01-01</stepDateTm></prcStep><prcStep><stepDesc>Hydrologic units from surrounding states were used to edgematch watershed boundaries as they were developed.</stepDesc><stepDateTm>2005-20-11</stepDateTm></prcStep><prcStep><stepDesc>The new WBD dataset was reviewed on-screen by USGS, EPA, or NRCS personnel using DRGs and DOQss as base maps. Hydrologic Units that were less than 10,000 acres (for the 12-digit units) and 40,000 acres (for the 10-digit units) were reviewed and if possible were dissolved out. Along the coastal areas, standard watersheds that fell within the federal guideline's size criteria (12-digit: 10,000-40,000 acres, 10-digit: 40,000-250,000 acres) were delineated. If possible the remaining frontals were left as their own units. Frontals that did not meet the size criteria were grouped together with other frontals within the overall 8-digit or 10-digit unit. Hydrologic units that were greater than 40,000 acres (12-digit units) and 250,000 acres (10-digit units) were reviewed. If possible these units where then subdivided into smaller units that met the size criteria. In some cases, additional breaks within the unit would not have made sense or have been very useful. For example: When the majority of the unit was made up by a major waterbody feature such as a lake or reservoir and the surrounding tributaries were too small to delineate as their own unit. In these instances the unit was left big.</stepDesc><stepDateTm>2005-20-11</stepDateTm></prcStep><prcStep><stepDesc>The following are 8-digit updates that were approved by the WBD National Technical Coordinators as required by the WBD Standards. These may include name/code updates or boundary updates that were implemented in the WBD at some point during the creation or maintenance of the data. Alaska: Legacy 19020401 Anchorage boundary has changed by about 20% of its area. 19020203 (Prince William Sound) Added a new subbasin unit for Prince William Sound. Adjusted huc8 boundaries between 19020104, 19020201 and 19020202 to better reflect surface water flow and to assist with delineating the Prince William Sound as a new unit. Legacy 19020302 Upper Kenai Peninsula has changed by about 20% of its area. Legacy 19030304 Wood River was subdivided which has created a reduced area for the 19030304 Wood River and put Igushik River into its own hydrologic unit with a new code of 19030306. Legacy 19030402 Farewell Lake was divided into 19030406 Middle Flork Kuskokwim River and 19030407 South Fork Kuskokwim River. Legacy 19040204 Black River was subdivided. 19040204 will remain the Black River, and a new unit 19040206 Grass River is broken out. 19040502: The outlet for subbasin 19040502 was moved downstream from the current break across Tanana River at a confluence with a minor tributary to the more prominent confluence with Robertson River. This edit resulted in the addition of 2 subwatersheds to 19040502 and the removal of 2 watersheds from 19040503. Legacy 19040504 Delta River linework changed significantly. The legacy 19040504 had 3 separate outlets; Delta River, Delta Creek and Little Delta River. The boundary was adjusted so that 19040504 contained just the Delta River as a standard unit. The Delta Creek and Little Delta River where moved into 19040507. Legacy 19040507 Tanana Flats Linework changed significantly. 19040606 - Legacy boundary for 19040606 had the outlet at a location across the Huslia River downstream from the outlet of the South Fork Huslia River. The boundary was adjusted downstream to the major confluence where the Huslia River drains into the Koyukuk River, thus creating a standard HUC8 for the Huslia River. 1905: 19050202, 19050203, 19050301, 19050304, 19050403 19050202’s boundary was adjusted so that this unit contained all frontal drainage areas flowing into the southern portion of Kotzebue Sound. 19050203’s boundary was adjusted to that the unit included Eschscholtz Bay and all of the drainage areas flowing into it. 19050301’s boundary was adjusted so that this unit has one outlet and includes Selawik Lake. The frontal drainages flowing into Hotham Inlet were moved into unit 19050304. 19050304’s boundary was adjusted so that the unit included Hotham Inlet and the frontal drainages flowing into it. 19050403’s boundary was adjusted to a buffer distance of 1000 meters off shore. 19050500 - Kotzebue Sound: Added a new HUC8 unit to AK WBD for Kotzebue Sound. Inner coastal units that ended at the shore line were extended offshore to a 1000 meter buffer distance. Legacy 19060204 Ikpikpuk River absorbed Inaru River from Legacy 19060202 Legacy unit 19060202 contained 2 different stream systems flowing into 2 different bodies of water. The Inaru River flows into Admiralty Bay while the Kugrua River and the other small frontal drainages flows into the Chukchi Sea. The boundary was adjusted so that flow into Admiralty Bay/Dease Inlet was separate from flow into Chukchi Sea. The Inaru River, Admiralty Bay/Dease Inlet and all associated frontal drainages were added to subbasin 19060204. New Subbasin 19060206 is being named Admiralty Bay-Dease Inlet. This area use to be part of Subbasin 19060204 19020800 Cook Inlet is a new hydrologic unit as recommended by the Alaska in state stakeholders. 2011 - These updates where proposed by Forest Service partners within the Tongass National Forest. When major changes are made to the HUC8 container (i.e. the container is subdivided into multiple units) the national protocol has been to retire the old HUC8 code and name and assign new codes and names to the updates units 19010202 (Kuiu-Kupreanof-Mitkof-Etolin-Zarembo-Wrangell) is being retired and 2 new HUC8 units were formed. Kuiu Island, Mitkof Island and Kupreanof Island were split out into their own 8-digit unit HUC8 – 19010210 HU8_Name – Kuiu-Kupreanof-Mitkof Islands Zarembo Island, Wrangell Island and Etolin Island were subdivided into their own 8 digit unit HUC8 – 19010209 HU8_Name – Etolin-Zarembo-Wrangell Islands 19010203 (Baranof-Chichagof Islands)19010203 was retired. 19010203 was subdivided 3 new units; 2 island units and 1 channel unit. Chichagof Island was split out into its own 8-digit unit HUC8 – 19010211 HU8_Name – Chichagof Island Baranof and Kruzof Islands were subdivided into their own 8-digit unit HUC8 – 19010212 HU8_Name – Baranof Island Created a new water hydrologic unit for the channel between Chichagof Island and Baranof/Kruzof Islands. This new water unit would become a HUC10 unit within the "Water" subbasin 19010500. HUC10 – 1901050011 HUC10_Name - Peril Strait Because of the varying width of the channel the boundary was graduated from a 1,000 meter buffer to 100 meter buffer from the Low Tide Shoreline. The Low Tide Shoreline was provided by the Forest Service. A 1,000 meter buffer was used in the open channel to match the buffer distance used within the rest of SE AK WBD. There is a narrow portion of the channel where the boundary was gradually reduced from the 1,000 meter buffer to a 100 meter buffer. 2014 - Updated Alaska’s region 1904 based on a request from NHD program and approved by state partners. 1904 was subdivided 3 new 4-digit hydrologic units. The new units are 1907 – Upper Yukon River 190701 – Headwaters Yukon River 1908 – Middle Yukon River 1909 – Lower Yukon River 2016 - Updates to AK 8-digit units based on harmonization effort with Canada 19070504 (Eagle Creek-Yukon River) is being subdivided 2 new 8-digit hydrologic units. Original code and name are being retired. HUC8 - 19070505 (Tatonduk River-Yukon River) HUC8 - 19070506 (Charley River-Yukon River) 19060503 (Beaufort Lagoon) is being subdivided 3 new 8-digit hydrologic units. Original code and name are being retired. HUC8 - 19060504 (Kongakuat River-Beaufort Lagoon) HUC8 - 19060505 (Firth River) HUC8 - 19060506 (Babbage River) is completely within Canada Yukon Territory Arizona: Legacy 15010009 Fort Pierce Wash name changed to Fort Pearce Wash to account for misspell. Legacy 15010007 Hualapai Wash name should change as the wash is now in the adjacent Subbasin. Changed to Red Lake California: Legacy 18010109 Gualala-Salmon had an area the size of several 12-digit HUs that has been aggregated into the adjacent legacy 18050005 Tomales-Drake Bays as a result of coastal implementation. This is approved by the in-state WBD Steward and T3.Legacy 18030012 and new 18030012 Tulare-Buena Vista Lakes changed to Tulare Lake Bed as the boundary has changed so significantly that Buena Vista Lakes are no longer in the adjusted hydrologic unit. Legacy 18040001 and new 18040007 name changed from Upper Chowchilla-Upper Fresno to Fresno River as the Chowchilla is no longer in the adjusted hydrologic unit. Legacy 18040002 and new 18040002 name changed from Middle San Joaquin-Lower Merced-Lower Stanislaus to Lower San Joaquin River as Merced and Stanislaus Rivers are no longer in the adjusted hydrologic unit. Legacy 18050006 San Francisco-Coastal South will absorb 4 coastal 12-digit HUs from legacy 18060001 San Lorenzo-Soquel as a result of coastal implementation. This is approved by the in-state WBD Steward and the WBD National Technical Coordinators (NTC) Legacy 18060006 Central Coastal will absorb an area the size of 6 12-digit HU’s from legacy 18060012 Carmel which all drains directly to the Pacific Ocean. This is approved by the in-state WBD Steward and the WBD National Technical Coordinators (NTC) Portions of legacy 18060011, 18060012, and part of 19060001 will become a new subbasin accounting for all of these frontal pieces. It will be coded 18060015 and named Monterey Bay. This is approved by the in-state WBD Steward and the WBD National Technical Coordinators (NTC) Legacy 18060013 Santa Barbara Coastal had an area the size of one 12-digit HU which will be aggregated with legacy 18070101 Ventura as a result of coastal implementation. This is approved by the in-state WBD Steward and the WBD National Technical Coordinators (NTC) Legacy 18070104 Santa Monica Bay had an area the size of several 12-digit HUs which will be aggregated with legacy 18070106 San Gabriel as a result of coastal implementation. This is approved by the in-state WBD Steward and WBD National Technical Coordinators (NTC) Legacy 18100200 has now been subdivide into 18100201, 18100202, 18100203, and 18100204. The legacy name for 180100200 has been retained as the Salton Sea for new code 18100204. New names for the other subdivisions have been reviewed and accepted as follows: 18100201 Whitewater River 18100202 Carrizo Creek 18100203 San Felipe Creek Legacy 18040002 and new 18040051 name Middle San Joaquin-Lower Merced-Lower Stanislaus was change to Rock Creek-French Camp Slough. Legacy 18020124 Honcut Headwaters name and code have been retired. It was absorbed in to legacy 18020106 Lower Feather to form the new 18020159. WBD National Technical Coordinators (NTC) recommends the name retain the combined legacy names of Honcut Headwaters-Lower Feather. Legacy 18020120 Upper Butte and legacy 18020105 Lower Butte have been retired. The two hydrologic units were combined in to the new accepted code and name of 18020158 Butte Creek. Legacy 18020119 Mill-Big Chico, 18020103 Sacramento-Lower Thomes, and 18020114 Upper Elder Thomes have been retired. The accepted names and codes for the newly delineated hydrologic units to replace those areas are 18020157 Big Chico Creek-Sacramento River, 18020156 Thomes Creek-Sacramento River, and 18020155 Paynes Creek-Sacramento River. The following legacy names and codes have been retired: 18020113 Cottonwood Headwaters, 18020102 Lower Cottonwood, 18020101 Sacramento-Lower Cow-Lower Clear, 18020118 Upper Cow-Battle, and 18020112 Sacramento-Upper Clear. The accepted codes for the newly delineated hydrologic units that replace those areas will be 18020151-18020154. The approved names are: 18020151 Cow Creek 18020152 Cottonwood Creek 18020153 Battle Creek 18020154 Clear Creek-Sacramento River 18010111 code and name have been retired and the area has been subdivided. A portion is in 18010109 Gualala-Salmon, and the other portion in 18050005 Tomales-Drake Bays 18020107 code and name have been retired and the area is now included with 18020125 Upper Yuba 18020108 code and name have been retired and the area is now included with 18020126 Upper Bear 18020110 code and name have been retired and the area is now included with 18020116 Upper Cache 18030008 code and name have been retired and the area is now included with 18030012 Tulare Lake Bed 18030011 code and name have been retired and the area has been subdivided. A portion is in 18030012 Tulare Lake Bed, and the other portion in 18030009 Upper Dry 18040004 code and name have been retired and the area is now part of 18040011 Upper Calaveras California 18040005 code and name have been retired and the area is now part of 18040003 San Joaquin Delta, 18040012, 18040012 Upper Mokelumne, and 18040003 Upper Cosumnes 18020109 code and name have been retired and the area is now part of 18020163 Lower Sacramento 18020117 code and name have been retired and the area is now part of 18020162 Upper Putah 18060001 code and name have been retired, and the areas are now subdivided between 18050006 San Francisco Coastal South and 18060015 Monterey Bay 18060011 code and name have been retired and now is subdivided between 18060015 Monterey Bay and 18060005 Salinas 18060012 code and name have been retired and the area is now part of 18060006 Central Coast and 18060015 Monterey Bay Colorado: Legacy 14010006 Parachute-Roan name and code have been retired. This area has been combined with 14010005 Colorado Headwaters-Plateau. Connecticut: 01100007 code and name have been retired and the area is now part of 0110004 Quinnipiac Delaware: 02060007 code and name have been retired and this area now included with 02080110 Tangier 02060008 code and name have been retired and this area now included with 02080109 Nanticoke 02060009 code and name have been retired and this area is now part of 02080111 Pokomoke-Western Lower Delmarva and 02080110 Tangier 02060010 code and name have been retired and this area is now part of 02040303 Chincoteague Florida: Legacy 03090202 Everglades has been modified as follows: The largest part of 03090202 Everglades carries the legacy code and name. Subdivided out new Subbasin 03090206 Florida Southeast Coast Combined additional smaller portions of 03090202 with adjacent Subbasins. Louisiana: 2009 - USGS Water Science Center, Salt Lake City, UT. Recoded all HUC12 codes and DS codes for 08080100 Atchafalaya to 08080101 Atchafalaya. 08080101 is the correct code. During the development of the WBD the 12-digit hydrologic units were miscoded as 08080100. Maine Updates at the 8-digit occurred as a result of the US/Canada harmonization effort. See process section on Canadian harmonization for these details. Massachusetts: 01070002 is retained for the headwaters of this original code, but ¾ of the original area is now coded 01070006. The area now coded 01070006 retained the original name for the area of legacy 01070002 and is called Merrimack, whereas 01070002 is not called Winnipesaukee River (other state documentation supporting this decision) New Hampshire: Legacy 01070002 Merrimack was subdivided in to 01070002 Merrimack to the North and 01070006 Merrimack River to the South. The technical team requests that the portion to the South retain the legacy code and name of 01070002, Merrimack, and that the northern hydrologic unit receive the code and name 01070006 Winnipesaukee River. There is no Merrimack River in the northern portion and the southern portion most closely resembles the legacy delineation. Additional updates at the 8-digit occurred as a result of the US/Canada harmonization effort. See process section on Canadian harmonization for these details New York: Legacy 04150307 English-Salmon was subdivided into 04150307 Salmon and 04150308 Chateaugay-English. The Technical Team accepts this change. 2010- Edits were made to Lake Champlain Basin moving it from Region 02 to Region 04. Update to delineation data in Lake Champlain area on the US side and Canadian side. All lines within Canada are draft delineations only. These boundaries were based on Canada's 1:50,000 National Hydrography Network Work Units or were delineated using either 1:50,000 scale topos or CDED elevation data. These boundaries have not been fully reviewed or approved by either the Canadian federal or provincial agencies and are subject to change. Border polygons are based off of these internal boundaries within Canada and so are also subject to change within Canada. Edits made by USGS Salt Lake City, Water Science Center: to the Lake Champlain and surrounding subbasins to remove all shoreline representations from the WBD. The codes, DS codes and names where updated where necessary. 02010004 name and code have been retired, and this area was subdivided, part is in 04150404 Ausable River and part in 04150408 Lake Champlain. 02010006 name and code have been retired and this area was subdivided. Part is in 04150406 Saranac River and part is in 04150408 Lake Champlain. 02010001 name and code have been retired and this area was subdivided into 04150401 Mettawee River and 04150408 Lake Champlain The new Lake Champlain unit 04150408 is made up of parts of original HUC250K units 02010001, 02010002, 02010003, 02010004, 02010005, 02010006 and 02010007 Additional updates at the 8-digit occurred as a result of the US/Canada harmonization effort. See process section on Canadian harmonization for these details North Carolina: Legacy subbasin 03030001 and legacy subbasin 03020106 have been combined and recommended for acceptance as a new 6-digit Basin 030203 Onslow Bay. Legacy Subbasin 03030001 New has been recoded and renamed to 03020302 New River. The technical team accepts the new code and name. Legacy Subbasin 03020106 Bogue-Core Sounds has been recoded and renamed to 03020301 White Oak River. The technical team accepts the new code and name. 03040207 code and name are still in use, but the portion that stretches along the coast has been broken out to a new 03040208 Coastal Carolina North Dakota: Legacy 10160007 East Missouri Coteau, changed to North Fork Snake as that is a better hydrologic representation of the hydrologic unit. Legacy 10170103 South Big Sioux Coteau name changed to Lake Thompson Legacy 10170201 Middle Big Sioux Coteau name changed to Upper Big Sioux Legacy 10170202 Upper Big Sioux name changed to Middle Big Sioux Because legacy 10170203 Lower Big Sioux should stay the same, it doesn’t make sense not to have a middle and an upper. Although the boundaries have significantly relocated, it seem like most viable option is to retain the Upper, Middle, Lower naming convention. Additional updates at the 8-digit occurred as a result of the US/Canada harmonization effort. See process section on Canadian harmonization for these details Oregon: Legacy 17100304 Coos was subdivided into 17100304 Coos to the north and 17100306 Sixes to the south. The Technical team accepts this change. South Carolina: Legacy 03040207 Carolina Coastal-Sampit was subdivided into a southern portion called 03040207 Carolina Coastal-Sampit and a northern portion newly coded and named 03040208 Coastal Carolina. The technical team recognizes this as an acceptable solution, however, future coastal delineations may require additional modification. Legacy 03050202 South Carolina Coastal has now been subdivided into subbasins 03050202 South Carolina Coastal and 03050209 Bulls Bay with an additional portion of 03050202 being aggregated in with legacy 03050201 Legacy 03050208 Broad-St. Helena has had the following modifications which the NTC concurs with: 03050208 Broad-St. Helena code and name retained into a much smaller unit capturing only the Broad-St. Helena Rivers Subdivided into new 03060110 Calibogue Sound-Wright River, and now part of the adjacent Subregion to the south. Subdivided into new 03050210 St. Helena Island portion combined with 03050207 Salkehatchie. Legacy 03050205 name is changed to Four Hole Swamp (from Edisto...this name was flipped with the hydrologic unit the water feature resides in). The WBD National Technical Team recommended that this name not be reused as it has been historically assigned to 03050206, but all in state interagency folks felt strongly that it should be reused as that is by far the predominant feature for the HU. Reports since 2005 reflect this. Legacy 03050206 name is changed to Edisto River to reflect the major hydrologic feature. South Dakota: 2009 - Edits made by in-state data steward; all of sub-basin 10160010 (now retired) was recoded to 10160011 (Lower James); In addition to the recoding of this 8-digit level unit in the James Basin, this group of edits primarily consisted of minor corrections to linework and 12-digit downstream codes, populating ncontrb_A fields of selected 12-digit units, and tweaking selected 5th- and 6th-level unit names to facilitate merging with GNIS. Texas: Legacy13070008 Lower Pecos was subdivided into a northern and southern portion. The northern portion retains the 13070008 code but name should be Pecos. The new subdivided 13070012 hydrologic unit should carry the legacy name Lower Pecos. Legacy 13090002 Lower Rio Grande is missing from the current WBD. Vermont: Updated 01110000 from Region 01 to Region 04 and is now 04150500 (St. Francois River). Craig Johnston (USGS) pointed out that this unit contains the St. Francois River which flows up into Canada and then dumps into the St Lawrence River. Region 01 is Maine Coastal drainage's while region 04 is St. Lawrence drainage's, so this unit really belongs in region 04. 2010- Edits were made to Lake Champlain Basin moving it from Region 02 to Region 04. Update to delineation data in Lake Champlain area on the US side and Canadian side. All lines within Canada are draft delineations only. These boundaries were based on Canada's 1:50,000 National Hydrography Network Work Units or were delineated using either 1:50,000 scale topos or CDED elevation data. These boundaries have not been fully reviewed or approved by either the Canadian federal or provincial agencies and are subject to change. Border polygons are based off of these internal boundaries within Canada and so are also subject to change within Canada. Edits made by USGS Salt Lake City, Water Science Center: to the Lake Champlain and surrounding subbasins to remove all shoreline representations from the WBD. The codes, DS codes and names where updated where necessary. 02010001 name and code have been retired and this area was subdivided into 04150401 Mettawee River and 04150408 Lake Champlain. 02010002 name and code have been retired and this area was subdivided into 04150402 Otter Creek and 04150408 Lake Champlain. 02010003 name and code have been retired and this area was subdivided into 04150403 Winooski River and 04150408 Lake Champlain. 02010005 name and code have been retired and this area was subdivided into 04150405 Lamoille River and 04150408 Lake Champlain. 02010007 name and code have been retired and this area was subdivided into 04150407 Missiquoi River and 04150408 Lake Champlain. The new Lake Champlain unit 04150408 is made up of parts of original HUC250K units 02010001, 02010002, 02010003, 02010004, 02010005, 02010006 and 02010007. Additional updates at the 8-digit occurred as a result of the US/Canada harmonization effort. See process section on Canadian harmonization for these details Wisconsin: Legacy 07090001Upper Rock keeps the same code and name but the original hydrologic unit delineation changed significantly. Legacy 07090002 Crawfish keeps the same code and is renamed to Middle Rock. The original hydrologic unit delineation changed significantly.</stepDesc><stepDateTm>2009-20-15</stepDateTm></prcStep><prcStep><stepDesc>First draft of metadata created by NRCS using METADATA Editor in ArcCatalog ver. 9.1 sp.1 hu12_geo83</stepDesc><stepDateTm>2007-01-24</stepDateTm></prcStep><prcStep><stepDesc>The following edits were completed during national quality control review performed by the WBD national technical edit team in the USGS Utah Water Science Center. Updates may not affect all hydrologic units. Edits by USGS Water Science Center in Salt Lake City, Utah. 1. Reviewed all the ToHUC codes within the 12-digit polygons and made updates as necessary. All updates were coordinated and approved by WBD state stewards. 2. Updated Linesource code (misspellings, removed extra spaces etc.) where needed to match Federal Standards 3. Updated and corrected errors in the HU_Mod fields where needed to match Federal Standards. 4. Updated State field for Canada (CN) and Mexico (MX) based on the new version of the Standards 5. Reviewed all the Names related to each 10-digit and 12-digit polygon and made updates as necessary. All updates were coordinated and approved by the WBD State stewards 6. Checked and updated HU_Level field where HU_Level = 99 or = null 7. Updated the 8-digit outer boundary for units flowing into ocean units by extending the boundary offshore to the 3 nautical mile limit provided by NOAA. All updates were coordinated and approved by the WBD state stewards</stepDesc></prcStep><prcStep><stepDesc>The following section describes updates to the WBD data model. July 2012 National responsibility for stewardship and maintenance of the WBD transferred from NRCS to the USGS. As a result the WBD data model was updated and the data was incorporated into the NHD database. WBD model updated based on input from NRCS, USGS, NHD program and user community. WBD polygon dataset subdivided into individual polygon datasets for each level of hydrologic units. Two additional datasets added for the next 2 levels of subdivisions (14- and 16-digit) but are not required for each state to populate these. Attribute tables for polygons and lines were updated with some fields being added, renamed or removed. See below for a list of changes. WBD Line attribute table changes: Old Model: HU_LEVEL LINESOURCE META_ID – removed – Feature level metadata functionality is added to track updates in the new model LEFT_HUC_8 – removed RIGHT_HUC_8 – removed New Model: Permanent_Identifier – New field for feature level metadata Source_FeatureID – New field for feature level metadata Meta_SourceID – New field for feature level metadata Source_DataDesc – New field for feature level metadata Source_Originator – New field for feature level metadata HU_Level HU_Class – New field populated with the number of digits of the hydrologic unit LoadDate – New field for feature level metadata LineSource WBD Polygon attribute table changes: Codes and names moved from single polygon dataset to the appropriate hydrologic unit dataset for each level Old Model: HUC_8 – moved to 8-digit polygon dataset HUC_10 – moved to 10-digit polygon dataset HUC_12 – moved to 12-digit polygon dataset ACRES – re-named to AREA_ACRES NCONTRB_A HU_10_GNIS – Replaced with Gaz_ID HU_12_GNIS – Replaced with Gaz_ID HU_10_DS – Removed from new model HU_10_NAME – moved to 10-digit polygon dataset HU_10_MOD – moved to 10-digit polygon dataset HU_10_TYPE – moved to 10-digit polygon dataset HU_12_DS – moved to 12-digit polygon dataset HU_12_NAME – moved to 12-digit polygon dataset HU_12_MOD – moved to 12-digit polygon dataset HU_12_TYPE – moved to 12-digit polygon dataset META_ID - removed – Feature level metadata functionality is added to track updates in the new model STATES New Model: Fields included in all levels of hydrologic unit polygon datasets. Gaz_ID – Old model was the GNIS field Area_Acres - Renamed Area_SqKm – New field States LoadDate- New field HUC_"#digit" - For Example: HUC12 HU_"#digit"_Name - For Example: HU_12_Name Fields included with the 10-, 12-, 14- and 16- digit polygon datasets. HU_"#digit"_Type - For Example HU_12_Type HU_"#digit"_Mod - For Example HU_12_Mod Fields included with the 12-, 14- and 16- digit polygon datasets. NContrb_Acres NContrb_SqKm – New field Tables New Model: ExternalIDCrosswalk FeaturetoHUMod FeatureToMetadata Meta_ProcessDetail Meta_SourceDetail ProcessingParameters UpdateStatus WBD_Attributes WBD_Nav October 2012 Changes to the WBD data model include the elimination of the underscore "_" in field and table names, switching to camelCase. Other changes to the WBD data model include the elimination of the WBDPoint table, the WBDPointEvent table, and the WBDAtributes table. Fields have been added to the WBDHU12 polygon feature dataset that allow metadata record linking and also include the downstream attribute. NWIS drainage area line and polygon feature classes have been added also. New Model: WBD line dataset TNMID – Use to be PermanentID HULevel HUClass – New field populated with the number of digits of the hydrologic unit HUMod LineSource LoadDate – New field for feature level metadata (Source_FeatureID, Meta_SourceID, Source_DataDesc, Source_Originator fields removed from WBDLine dataset) WBD polygon dataset Fields included in all levels of hydrologic unit polygon datasets. TNMID – New field for feature level metadata MetaSourceID – New field for feature level metadata SourceDataDesc – New field for feature level metadata SourceOriginator – New field for feature level metadata SourceFeatureID – New field for feature level metadata LoadDate – New field for feature level metadata GNIS_ID = replaces Gaz_ID AreaAcres AreaSqKm States LoadDate HUC"digit" - for example: HUC12 Name Fields included with the 10-, 12-, 14- and 16- digit polygon datasets. HUType HUMod Fields included with the 12-, 14- and 16- digit polygon datasets. NContrbAcres NContrbSqKm Field included with the 12-digit polygon dataset. ToHUC – This attribute was included in the original WBD data model as HU_12_DS and represents the code of the next unit downstream. The values for this field were populated for the last version of the dataset in the old model by linking the 2 tables by the 12-digit code and calculating the value over. NWISDrainageArea polygon dataset added as a place holder for when these datasets are generated. Attribute Fields: TNMID MetaSourceID SourceDataDesc SourceOriginator SourceFeatureID LoadDate ReferenceTNMID SiteID AgencyCode SiteNumber StationName TotalDrainageArea ContributingDrainageArea NWISBoundary line dataset added as a place holder for when these datasets are generated. Attribute Fields: TNMID MetaSourceID SourceDataDesc SourceOriginator SourceFeatureID LoadDate ReferenceTNMID NonContributingDrainageArea polygon dataset added as a place holder for when these datasets are generated. Attribute Fields: TNMID MetaSourceID SourceDataDesc SourceOriginator SourceFeatureID LoadDate 2013 Changes to the WBD data model include updates to the field for the NonContributingDrainageArea polygon dataset, NWISBoundary line dataset and the NWISDrainageArea polygon dataset. This includes the addition of new fields and the re-naming of some of the existing fields. NWISDrainageArea polygon dataset: Attribute Fields: TNMID MetaSourceID SourceDataDesc SourceOriginator SourceFeatureID LoadDate ReferenceTNMIDNHDPointEvent – Renamed from ReferenceTNMID AgencyCode SiteNumber StationName ContributingDrainageAreaAcres – Originally called ContributingDrainageArea TotalDrainageAreaAcres – Originally called TotalDrainageArea ContributingDrainageAreaSqKm – New field TotalDrainageAreaSqKm – New field SiteID - Removed NWISBoundary line dataset: Attribute Fields: TNMID MetaSourceID SourceDataDesc SourceOriginator SourceFeatureID LoadDate ReferenceTNMIDPointEvent – Originally called ReferenceTNMID SiteNumber – New field NonContributingDrainageArea polygon dataset Attribute Fields: TNMID MetaSourceID SourceDataDesc SourceOriginator SourceFeatureID LoadDate NonContributingSqKm – New field NonContributingAcres – New field ReferenceTNMID12digitHU – New field Tables ExternalCrosswalk - Originally called ExternalIDCrosswalk FeatureToHUMod - removed FeatureToMetadata HUMod - NewField MetaProcessDetail - Previous version called Meta_ProcessDetail MetaSourceDetail - Previous version called Meta_SourceDetail ProcessingParameters UpdateStatus WBD_Attributes - removed WBDNavigation - Originally WBD_Nav 2014 2015 Changes to the WBD data model include updates or additions to the fields for the NonContributingDrainageArea polygon dataset, NWISBoundary line dataset and the NWISDrainageArea polygon dataset. The majority of these are due to the length of the original name for the field. A new line dataset was created for Non Contributing Area called NonContributingDrainageLine NWISBoundary was re-named NWISDrainageLine NWISDrainageArea polygon dataset: Attribute Fields: TNMID MetaSourceID SourceDataDesc SourceOriginator SourceFeatureID LoadDate AreaSqKm – New Field AgencyCode SiteNumber StationName TotalAreaSqMi – New Field NWISTotalAreaSqMi – New Field ContributingAreaSqMi – New Field NWISContributingAreaSqMi – New Field ReferenceTNMIDNHDPointEvent Remarks – New Field ContributingDrainageAreaAcres – Removed TotalDrainageAreaAcres – Removed ContributingDrainageAreaSqKm – Removed TotalDrainageAreaSqKm – Removed NWISDrainageLine line dataset Attribute Fields: TNMID MetaSourceID SourceDataDesc SourceOriginator SourceFeatureID LoadDate LengthKm – New Field LineSource – New Field Agency Code – New Field SiteNumber ReferenceTNMIDPointEvent – Removed NonContributingDrainageArea polygon dataset Attribute Fields: TNMID MetaSourceID SourceDataDesc SourceOriginator SourceFeatureID LoadDate AreaSqKm – New Field NonContributingAreaSqKm – Re-named from NonContributingSqKm Remarks – New Field NonContributingAcres - Removed ReferenceTNMID12digitHU - Removed NonContributingDrainageLine line dataset – New dataset Attribute Fields: TNMID MetaSourceID SourceDataDesc SourceOriginator SourceFeatureID LoadDate LengthKm LineSource 2016 WBDLine dataset TNMID HULevel - removed HUDigit - Originally called HUClass HUMod LineSource MetaSourceID LoadDate WBD polygon datasets Fields included with the 12-, 14- and 16- digit polygon datasets. NonContributingAreaAcres - previous version was NonContributingAcres NonContributingAreaSqKm - previous version was NonContributingSqKm</stepDesc><stepDateTm>2012-20-16</stepDateTm></prcStep><prcStep><stepDesc>Original dataset attribution was reviewed and revised to reflect the updates and changes made to the dataset. These revisions to the attribution were also made to ensure that the dataset met the Federal Standards for Delineation of Hydrologic Unit Boundaries. The NHD was used during this process to help with the naming and downstream coding of each unit. In some instances there were name discrepancies between the NHD and what was printed on the DRGs. In these instances the DRGs were used instead of the NHD.</stepDesc><stepDateTm>2005-20-11</stepDateTm></prcStep><prcStep><stepDesc>The original dataset was reviewed by USGS personnel using on-screen techniques with DRGs as the base map. All hydrologic units within the dataset that were less than 3,000 acres were dissolved out.</stepDesc><stepDateTm>2003-01-01</stepDateTm></prcStep><prcStep><stepDesc>Below is a list of updates resulting from harmonization work with Canada. Alaska: Legacy 19010101 Southeast Mainland name and code were retired and the area subdivided into four units. New codes and names are as follows and accepted by the National Technical Team and approved with Canadian and Alaska partners (USFS): 19010104 Bradfield Canal 19010105 Burroughs Bay 19010106 Headwaters Portland Canal 19010107 Outlet Portland Canal Legacy 19010201 Mainland had a portion broken out. 19010201 will be preserved and the small piece broekn out in order to harmonize with Canada. The smaller piece will have the new code 19010205 and the name will be Lower Iskut. Revised again 5/31/11: 19010201 Mainland was broken into three new units 19010206 Holkham Bay 19010207 Stikine River 19010208 Thomas Bay Legacy 19010301 Lynn Canal now has the Taku River broken out to accommodate Canada. Taku River will be code 19010304. The National Technical Coordinators (NTC) accepts this. Revised again 5/31/11:(AK group consulted along with Pete Steeves, Kim Jones, Stephen Daw, Karen Hanson): 19070101 Atlin Lake was broken out of the legacy Lynn Canal 19010301 and is part of the newly accepted Subregion 1907 Legacy 19010302 Glacier Bay was subdivided along the ridge separating out the ocean flow. The unit broken out is: 19010406 Palma Bay (this unit also includes a portion of the original 19010401) Note: Legacy 19010302 Glacier Bay will be retained although the area is now smaller. Other options didn’t make as much sense. Legacy 19010303 Chilkat-Skagway Rivers was subdivided into: 19070102 Bennett Lake 19070103 Tagish Lake 19070104 Takhini River Note: 19010303 Chilkat-Sakgway Rivers is retained Legacy 19010401 Yakutat Bay name and code retired and the area subdivided into 4 new units. New codes and names are as follows 19010403 Tatshenshini River 19010404 Alsek River 19010405 Yakutat Bay-Gulf of Alaska 19010406 Palma Bay (This new unit also includes a portion of the original 19010302) Idaho and Washington - 2013 - The Columbia River Basin and Puget Sound Coastal area was updated to include the harmonized 8-, 10, and 12-digit hydrologic units within Canada. This harmonized data was created with contributions from US and Canadian Federal, State, Provincial and local partners. The British Columbia 20K Fresh Water Atlas watershed data and DEM data were used to create the units within Canada. Border units were updated through a review/agreement process with local and state/provincial partners using the best available data (DEM, DRG, Imagery, Field Verification). During the harmonization effort there were some 8-digit updates that were agreed to. Legacy 17010101 Upper Kootenai name will change to Middle Kootenai to coordinate with Canada since there is an Upper Kootenay solely in Canada. Legacy 17010101 Upper Kootenai boundary changed slightly. The WBD Technical Team recommends retaining the legacy name and code. A new subbasin was created as a result of the international border harmonization which slightly goes into the U.S. (the portion of 17010101 referenced above). The WBD Technical Team recommends coding this unit with the next down sequential code which would be 17010106 and using the name that Canada refers to this hydrologic unit as “Elk”. 17110001 legacy name “Fraser” is being changed to “Sumas River” to match with Canada, and because the Fraser River doesn’t flow through this unit. Montana: 1001 flows into Canada and the Saskatchewan River and not into the Missouri River as originally thought. As such this 4-digit hydrologic units was moved from region 10 to 09. 0904 - Saskatchewan River 090400- Upper South Saskatchewan River (This matches the Canadian FDA at the WSCSDA level (sub drainage area)). 10010001 name and code have been retired, and this area is now 09040002 Belly 10010002 name and code have been retired, and this area is now 09040001 St. Marys Minnesota: 2014 - Rainy River Basin was updated to include the harmonized 8-, 10- and 12-digit hydrologic units with Canada. This harmonized data was created over a 6 month time period with cooperation from Federal, State, Provincial and Local Partners. Some of the boundaries within MN were updated using the MN LiDAR data. The MN LiDAR was also used in the creation of boundaries within Canada when the LiDAR data overlapped into Canada. The other boundaries within Canada were generated using the province of Ontario’s 20K DEM and Hydrography data. There were some 8-digit updates as a result of the harmonization effort. 09030004 Upper Rainy has been retired 09030004 is now a part of 09030008 the Lower Rainy 2 new 8-digit units were broken out in Canada 09030010 – Big Turtle River-Rainy Lake 09030011 – Shoal Lake North Dakota: Legacy 09020313 Pembina was subdivided into two new units. The legacy name and code were retired. The new codes and names are: 09020315 Upper Pembina River 09020316 Lower Pembina River 2014- Souris River Basin was updated to include the harmonized 8-, 10- and 12-digit hydrologic units with Canada. This harmonized data was created over a 6 month time period with cooperation from Federal, State, Provincial and Local Partners. There were some 8-digit updates as a result of the harmonization effort. Legacy 09010001 Upper Souris has now been subdivided. That code and name have been retired and the new units are: 09010006 Long Creek 09010007 Headwaters Souris River 09010008 Moose Mountain Creek-Souris River North Dakota and Minnesotta: Red River Basin Legacy 09020311 Lower Red name is being changed to Middle Red in order to harmonize with Canada. Lower Red is the Basin name for this entire area but the impact to change at that level isn’t known so won’t change. 2016 - Red River Basin was updated to include the harmonized 8-, 10-, and 12-digit hydrologic units within Canada. Some of the boundaries within MN and ND were updated using Lidar data. Lidar data was also used in the development of hydrological units within Canada. Where Lidar data did not exist the province of Manitoba provided either 1:20,000 scale or 1:50,000 scale digital elevation data for boundary delineations. Maine All HUC8 boundaries were updated with the Harmonized US/CAN border into Canada. Coding was updated as needed. 01010001 was subdivided into 6 new units. 01010001 code retired 01010001 HUC8 name retired (Upper St. John) New codes and HUC8 names 01010006 – Headwaters Saint John River 01010007 – Big Black River-Saint John River 01010008 – St. Francis River-Saint John River 01010009 – Little River-Saint John River 01010010 – Becaguimec Stream-Saint John River (This unit now contains a portion of the original 01010005) 01010011 – Keswick River-Saint John River 01010004 - Boundary within Canada was updated with harmonized boundary. 01010005 - Boundary was updated with US/CAN harmonized boundary. A small portion of 01010005 was moved into the new 01010010 so that 01010005 is a standard HUC 8 unit for the Meduxnekeag River. 01020001 - Original WBD boundary between the US and Canada used the international boundary. However when this boundary was compared to the 1:24,000 scale DRGs in the US and 1:20,000 hypsography in Canada the international boundary and ridgelines were not coincident. The Boundary was updated to the ridgeline. Coding not updated. 01030001 - Original WBD boundary between the US and Canada used the international boundary. However when this boundary was compared to the 1:24,000 scale DRGs in the US and 1:20,000 hypsography in Canada the international boundary and ridgelines were not coincident. The Boundary was updated to the ridgeline. Coding not updated. 01030002 - Original WBD boundary between the US and Canada used the international boundary. However when this boundary was compared to the 1:24,000 scale DRGs in the US and 1:20,000 hypsography in Canada the international boundary and ridgelines were not coincident. The Boundary was updated to the ridgeline. Coding not updated. 01040001 - Original WBD boundary between the US and Canada used the international boundary. However when this boundary was compared to the 1:24,000 scale DRGs in the US and 1:20,000 hypsography in Canada the international boundary and ridgelines were not coincident. The Boundary was updated to the ridgeline. Coding not updated. 01050001 - Boundary was updated with US/CAN harmonized boundary. This boundary was developed during the initial St. Croix pilot and includes updates within the US as well as Canada. Coding left as is 01050002 - The harmonized boundary for 01050004 required updates to 01050002. A portion of 01050002 was moved to 01050004 to accommodate the new harmonized boundary. This required re-coding of the entire 01050002. 01050004 - Boundary was updated with US/CAN harmonized boundary. A portion of 01050002 was moved into this unit. Codes were updated to reflect this boundary change. 04150600 – Chaudiere River This is a new unit that was created when the WBD boundary was moved from the international boundary on to the ridgelines Original WBD boundary between the US and Canada used the international boundary. However when this boundary was compared to the 1:24,000 scale DRGs in the US and 1:20,000 hypsography in Canada the international boundary and ridgelines were not coincident. The Boundary was updated to the ridgeline. 04150500 - Boundary was updated with US/CAN harmonized boundary. Coding left as is New Hampshire 01040001 - Original WBD boundary between the US and Canada used the international boundary. However when this boundary was compared to the 1:24,000 scale DRGs in the US and 1:20,000 hypsography in Canada the international boundary and ridgelines were not coincident. The Boundary was updated to the ridgeline. Coding not updated. 04150500 - Boundary was updated with US/CAN harmonized boundary. Coding left as is New York 04150301 - Subdivided into 2 new units 04150301 code retired 04150301 HUC8 name retired (Upper St. Lawrence) New Codes and HUC8 names 04150309 – Headwaters St. Lawrence River 04150310 – Raisin River-St. Lawrence River 04150306 - Boundary was updated with US/CAN harmonized boundary. Coding left as is 04150307 - Boundary was updated with US/CAN harmonized boundary. Coding left as is 04150308 - Boundary was updated with US/CAN harmonized boundary. Coding left as is 04150408 - Boundary was updated with US/CAN harmonized boundary. Coding left as is 04150409 - Boundary was updated with US/CAN harmonized boundary. Coding left as is Vermont 04150407 - Boundary was updated with US/CAN harmonized boundary. Coding left as is 04150408 - Boundary was updated with US/CAN harmonized boundary. Coding left as is 04150409 - Boundary was updated with US/CAN harmonized boundary. Coding left as is 04150500 - Boundary was updated with US/CAN harmonized boundary. Coding left as is Great Lakes The boundaries for Lake Ontario (0415200), Lake Erie (04120200), Lake Huron (04080300) and Lake Superior (04020300) were updated using the new inland lakes coastal method. All updates were coordinated with the WBD state steward for each adjacent state. The area within Wisconsin was excluded per the state partner’s request. All surrounding 8-digits (units touching the lakes) were reviewed and updated as well.</stepDesc><stepDateTm>2011-20-15</stepDateTm></prcStep><prcStep><stepDesc>Mexico Harmonization 2010 - Harmonization with Texas and Mexico; HUC12 polygons and line rework by USGS Water Science Center, Salt Lake City, UT. 2014 - Harmonized 8-, 10 and 12-digit units for all border 8-digit units with Mexico were incorporated into the WBD. These datasets were developed through a coordinated effort between the USGS and INEGI along with input from State and local partners. Due to the harmonization effort some 8-digit boundaries may have been adjusted. In addition to this the 10- and 12-digit boundaries along the border might have also been adjusted based on the availability of better base information within Mexico provided by INEGI.</stepDesc><stepDateTm>2010-20-14</stepDateTm></prcStep><prcStep><stepDesc>The original hydrologic unit boundaries were hand-digitized on a digitizing table from the USGS 7.5 minute quadrangles. This process occurred over a span of approximately 20 years.</stepDesc><stepDateTm>1980-20-00</stepDateTm></prcStep><dataSource><srcDesc>Reference dataset for the 2-, 4-, 6- and 8-digit hydrologic units</srcDesc><srcMedName><MedNameCd value="018"/></srcMedName><srcScale><rfDenom>250000</rfDenom></srcScale><srcCitatn><resTitle>250K Hydrologic Unit Boundaries</resTitle><resAltTitle>HUC250K</resAltTitle><date><pubDate>1994-01-01</pubDate></date><citRespParty><rpOrgName>U.S. Geological Survey</rpOrgName><role><RoleCd value="006"/></role></citRespParty><citRespParty><rpOrgName>U.S. Geological Survey</rpOrgName><rpCntInfo><cntAddress><delPoint>Reston, Virginia</delPoint></cntAddress></rpCntInfo><role><RoleCd value="010"/></role></citRespParty><presForm><PresFormCd value="005"/></presForm><presForm><fgdcGeoform>Vector Digital Data</fgdcGeoform></presForm><citOnlineRes><linkage>http://water.usgs.gov/lookup/getspatial?huc250k</linkage></citOnlineRes></srcCitatn><srcExt><exDesc>Publication date</exDesc><tempEle><TempExtent><exTemp><TM_Period><tmBegin date="unknown"/><tmEnd>1994-01-01</tmEnd></TM_Period></exTemp></TempExtent></tempEle></srcExt></dataSource><dataSource><srcDesc>Base information for hydrologic unit delineation.</srcDesc><srcMedName><MedNameCd value="018"/></srcMedName><srcScale><rfDenom>24000</rfDenom></srcScale><srcCitatn><resTitle>U.S. Geological Survey Digital Raster Graphic (DRG)</resTitle><resAltTitle>USGSDRG</resAltTitle><date><pubDate>1999-01-01</pubDate></date><citRespParty><rpOrgName>U.S. Geological Survey</rpOrgName><role><RoleCd value="006"/></role></citRespParty><citRespParty><rpOrgName>U.S. Geological Survey</rpOrgName><rpCntInfo><cntAddress><delPoint>Unknown</delPoint></cntAddress></rpCntInfo><role><RoleCd value="010"/></role></citRespParty><presForm><PresFormCd value="005"/></presForm><presForm><fgdcGeoform>Raster Digital Data</fgdcGeoform></presForm><citOnlineRes><linkage>http://datagateway.nrcs.usda.gov</linkage></citOnlineRes></srcCitatn><srcExt><exDesc>Publication date</exDesc><tempEle><TempExtent><exTemp><TM_Period><tmBegin date="unknown"/><tmEnd>1999-01-01</tmEnd></TM_Period></exTemp></TempExtent></tempEle></srcExt></dataSource><dataSource><srcDesc>Aerial imagery used for reference in watershed boundary delineation</srcDesc><srcMedName><MedNameCd value="018"/></srcMedName><srcScale><rfDenom>24000</rfDenom></srcScale><srcCitatn><resTitle>Digital Orthophoto Quads</resTitle><resAltTitle>USGSDOQ</resAltTitle><date><pubDate date="unknown"/></date><citRespParty><rpOrgName>U.S. Geological Survey</rpOrgName><role><RoleCd value="006"/></role></citRespParty><citRespParty><rpOrgName>U.S. Geological Survey</rpOrgName><rpCntInfo><cntAddress><delPoint>Unknown</delPoint></cntAddress></rpCntInfo><role><RoleCd value="010"/></role></citRespParty><presForm><PresFormCd value="005"/></presForm><presForm><fgdcGeoform>Raster Digital Data</fgdcGeoform></presForm><citOnlineRes><linkage>http://datagateway.nrcs.usda.gov</linkage></citOnlineRes></srcCitatn><srcExt><exDesc>20100325</exDesc><tempEle><TempExtent><exTemp><TM_Instant><tmPosition date="unknown"/></TM_Instant></exTemp></TempExtent></tempEle></srcExt></dataSource><dataSource><srcDesc>Hydrography data used for reference in watershed boundary delineation process</srcDesc><srcMedName><MedNameCd value="018"/></srcMedName><srcScale><rfDenom>24000</rfDenom></srcScale><srcCitatn><resTitle>National Hydrography Dataset</resTitle><resAltTitle>NHD</resAltTitle><date><pubDate date="now"/></date><citRespParty><rpOrgName>U.S. Geological Survey</rpOrgName><rpCntInfo><cntAddress><delPoint>Denver, CO</delPoint></cntAddress></rpCntInfo><role><RoleCd value="010"/></role></citRespParty><citRespParty><rpOrgName>U.S. Geological Survey</rpOrgName><role><RoleCd value="006"/></role></citRespParty><presForm><PresFormCd value="005"/></presForm><presForm><fgdcGeoform>Vector Digital Data</fgdcGeoform></presForm><citOnlineRes><linkage>http://nhd.usgs.gov/data.html</linkage></citOnlineRes></srcCitatn><srcExt><exDesc>Publication date</exDesc><tempEle><TempExtent><exTemp/></TempExtent></tempEle></srcExt></dataSource><dataSource><srcDesc>Base information for hydrologic unit delineation.</srcDesc><srcMedName><MedNameCd value="018"/></srcMedName><srcScale><rfDenom>24000</rfDenom></srcScale><srcCitatn><resTitle>7.5 Minute Topographic Quadrangle Sheets</resTitle><resAltTitle>USGSTopo</resAltTitle><date><pubDate date="unknown"/></date><citRespParty><rpOrgName>U.S. Geological Survey</rpOrgName><role><RoleCd value="006"/></role></citRespParty><citRespParty><rpOrgName>U.S. Geological Survey</rpOrgName><rpCntInfo><cntAddress><delPoint>Reston, Virginia</delPoint></cntAddress></rpCntInfo><role><RoleCd value="010"/></role></citRespParty><presForm><fgdcGeoform>Paper Map</fgdcGeoform></presForm></srcCitatn><srcExt><exDesc>Publication date</exDesc><tempEle><TempExtent><exTemp><TM_Period><tmBegin>1884-01-01</tmBegin><tmEnd>2006-01-01</tmEnd></TM_Period></exTemp></TempExtent></tempEle></srcExt></dataSource></dataLineage></dqInfo><eainfo><overview><eaover>The Watershed Boundary Dataset is a comprehensive set of digital spatial data that represents the surface drainages areas of the United States. The information included with the features includes a feature date, a unique common identifier, name, the feature length or area, and other characteristics. Names and their identifiers are assigned from the Geographic Names Information System. The data also contains relations that encode metadata. The names and definitions of all these feature attributes are in the Federal Standards and Procedures for the National Watershed Boundary Dataset (WBD). The document is available online at http://pubs.usgs.gov/tm/11/a3/.</eaover><eadetcit>The names and definitions of all fields within the WBD attribution are in the U.S. Geological Survey, Federal Standards and Procedures for the National Watershed Boundary Dataset (WBD). The document is available online at http://pubs.usgs.gov/tm/11/a3/. Information about the attribute tables and fields are in Section 6: Geospatial Data Structure and Attributes</eadetcit></overview><detailed Name="HUC10"><enttyp><enttypl Sync="TRUE">HUC10</enttypl><enttypt Sync="TRUE">Feature Class</enttypt><enttypc Sync="TRUE">0</enttypc></enttyp><attr><attrlabl Sync="TRUE">FID</attrlabl><attalias Sync="TRUE">FID</attalias><attrtype Sync="TRUE">OID</attrtype><attwidth Sync="TRUE">4</attwidth><atprecis Sync="TRUE">0</atprecis><attscale Sync="TRUE">0</attscale><attrdef Sync="TRUE">Internal feature number.</attrdef><attrdefs Sync="TRUE">Esri</attrdefs><attrdomv><udom Sync="TRUE">Sequential unique whole numbers that are automatically generated.</udom></attrdomv></attr><attr><attrlabl Sync="TRUE">OBJECTID</attrlabl><attalias Sync="TRUE">OBJECTID</attalias><attrtype Sync="TRUE">Integer</attrtype><attwidth Sync="TRUE">10</attwidth><atprecis Sync="TRUE">10</atprecis><attscale Sync="TRUE">0</attscale><attrdef Sync="TRUE">Internal feature number.</attrdef><attrdefs Sync="TRUE">Esri</attrdefs><attrdomv><udom Sync="TRUE">Sequential unique whole numbers that are automatically generated.</udom></attrdomv></attr><attr><attrlabl Sync="TRUE">OBJECTID_2</attrlabl><attalias Sync="TRUE">OBJECTID_2</attalias><attrtype Sync="TRUE">Integer</attrtype><attwidth Sync="TRUE">10</attwidth><atprecis Sync="TRUE">10</atprecis><attscale Sync="TRUE">0</attscale></attr><attr><attrlabl Sync="TRUE">TNMID</attrlabl><attalias Sync="TRUE">TNMID</attalias><attrtype Sync="TRUE">String</attrtype><attwidth Sync="TRUE">40</attwidth><atprecis Sync="TRUE">0</atprecis><attscale Sync="TRUE">0</attscale></attr><attr><attrlabl Sync="TRUE">LOADDATE</attrlabl><attalias Sync="TRUE">LOADDATE</attalias><attrtype Sync="TRUE">Date</attrtype><attwidth Sync="TRUE">8</attwidth><atprecis Sync="TRUE">0</atprecis><attscale Sync="TRUE">0</attscale></attr><attr><attrlabl Sync="TRUE">METASOURCE</attrlabl><attalias Sync="TRUE">METASOURCE</attalias><attrtype Sync="TRUE">String</attrtype><attwidth Sync="TRUE">40</attwidth><atprecis Sync="TRUE">0</atprecis><attscale Sync="TRUE">0</attscale></attr><attr><attrlabl Sync="TRUE">SOURCEDATA</attrlabl><attalias Sync="TRUE">SOURCEDATA</attalias><attrtype Sync="TRUE">String</attrtype><attwidth Sync="TRUE">100</attwidth><atprecis Sync="TRUE">0</atprecis><attscale Sync="TRUE">0</attscale></attr><attr><attrlabl Sync="TRUE">SOURCEORIG</attrlabl><attalias Sync="TRUE">SOURCEORIG</attalias><attrtype Sync="TRUE">String</attrtype><attwidth Sync="TRUE">130</attwidth><atprecis Sync="TRUE">0</atprecis><attscale Sync="TRUE">0</attscale></attr><attr><attrlabl Sync="TRUE">SOURCEFEAT</attrlabl><attalias Sync="TRUE">SOURCEFEAT</attalias><attrtype Sync="TRUE">String</attrtype><attwidth Sync="TRUE">40</attwidth><atprecis Sync="TRUE">0</atprecis><attscale Sync="TRUE">0</attscale></attr><attr><attrlabl Sync="TRUE">GNIS_ID</attrlabl><attalias Sync="TRUE">GNIS_ID</attalias><attrtype Sync="TRUE">Integer</attrtype><attwidth Sync="TRUE">10</attwidth><atprecis Sync="TRUE">10</atprecis><attscale Sync="TRUE">0</attscale></attr><attr><attrlabl Sync="TRUE">AREAACRES</attrlabl><attalias Sync="TRUE">AREAACRES</attalias><attrtype Sync="TRUE">Double</attrtype><attwidth Sync="TRUE">19</attwidth><atprecis Sync="TRUE">0</atprecis><attscale Sync="TRUE">0</attscale></attr><attr><attrlabl Sync="TRUE">AREASQKM</attrlabl><attalias Sync="TRUE">AREASQKM</attalias><attrtype Sync="TRUE">Double</attrtype><attwidth Sync="TRUE">19</attwidth><atprecis Sync="TRUE">0</atprecis><attscale Sync="TRUE">0</attscale></attr><attr><attrlabl Sync="TRUE">STATES</attrlabl><attalias Sync="TRUE">STATES</attalias><attrtype Sync="TRUE">String</attrtype><attwidth Sync="TRUE">50</attwidth><atprecis Sync="TRUE">0</atprecis><attscale Sync="TRUE">0</attscale></attr><attr><attrlabl Sync="TRUE">HUC10</attrlabl><attalias Sync="TRUE">HUC10</attalias><attrtype Sync="TRUE">String</attrtype><attwidth Sync="TRUE">10</attwidth><atprecis Sync="TRUE">0</atprecis><attscale Sync="TRUE">0</attscale></attr><attr><attrlabl Sync="TRUE">NAME</attrlabl><attalias Sync="TRUE">NAME</attalias><attrtype Sync="TRUE">String</attrtype><attwidth Sync="TRUE">120</attwidth><atprecis Sync="TRUE">0</atprecis><attscale Sync="TRUE">0</attscale></attr><attr><attrlabl Sync="TRUE">HUTYPE</attrlabl><attalias Sync="TRUE">HUTYPE</attalias><attrtype Sync="TRUE">String</attrtype><attwidth Sync="TRUE">254</attwidth><atprecis Sync="TRUE">0</atprecis><attscale Sync="TRUE">0</attscale></attr><attr><attrlabl Sync="TRUE">HUMOD</attrlabl><attalias Sync="TRUE">HUMOD</attalias><attrtype Sync="TRUE">String</attrtype><attwidth Sync="TRUE">30</attwidth><atprecis Sync="TRUE">0</atprecis><attscale Sync="TRUE">0</attscale></attr><attr><attrlabl Sync="TRUE">SHAPE</attrlabl><attalias Sync="TRUE">Shape</attalias><attrtype Sync="TRUE">Geometry</attrtype><attwidth Sync="TRUE">0</attwidth><atprecis Sync="TRUE">0</atprecis><attscale Sync="TRUE">0</attscale><attrdef Sync="TRUE">Feature geometry.</attrdef><attrdefs Sync="TRUE">Esri</attrdefs><attrdomv><udom Sync="TRUE">Coordinates defining the features.</udom></attrdomv></attr><attr><attrlabl Sync="TRUE">SHAPE_Leng</attrlabl><attalias Sync="TRUE">SHAPE_Leng</attalias><attrtype Sync="TRUE">Double</attrtype><attwidth Sync="TRUE">19</attwidth><atprecis Sync="TRUE">0</atprecis><attscale Sync="TRUE">0</attscale></attr><attr><attrlabl Sync="TRUE">Shape_Le_1</attrlabl><attalias Sync="TRUE">Shape_Le_1</attalias><attrtype Sync="TRUE">Double</attrtype><attwidth Sync="TRUE">19</attwidth><atprecis Sync="TRUE">0</atprecis><attscale Sync="TRUE">0</attscale></attr><attr><attrlabl Sync="TRUE">Shape_Le_2</attrlabl><attalias Sync="TRUE">Shape_Le_2</attalias><attrtype Sync="TRUE">Double</attrtype><attwidth Sync="TRUE">19</attwidth><atprecis Sync="TRUE">0</atprecis><attscale Sync="TRUE">0</attscale></attr><attr><attrlabl Sync="TRUE">Shape_Le_3</attrlabl><attalias Sync="TRUE">Shape_Le_3</attalias><attrtype Sync="TRUE">Double</attrtype><attwidth Sync="TRUE">19</attwidth><atprecis Sync="TRUE">0</atprecis><attscale Sync="TRUE">0</attscale></attr><attr><attrlabl Sync="TRUE">SHAPE_Area</attrlabl><attalias Sync="TRUE">Shape_Area</attalias><attrtype Sync="TRUE">Double</attrtype><attwidth Sync="TRUE">19</attwidth><atprecis Sync="TRUE">0</atprecis><attscale Sync="TRUE">0</attscale><attrdef Sync="TRUE">Area of feature in internal units squared.</attrdef><attrdefs Sync="TRUE">Esri</attrdefs><attrdomv><udom Sync="TRUE">Positive real numbers that are automatically generated.</udom></attrdomv></attr></detailed></eainfo><mdHrLvName Sync="TRUE">dataset</mdHrLvName><refSysInfo><RefSystem><refSysID><identCode code="4269" Sync="TRUE"></identCode><idCodeSpace Sync="TRUE">EPSG</idCodeSpace><idVersion Sync="TRUE">6.12(3.0.1)</idVersion></refSysID></RefSystem></refSysInfo><spatRepInfo><VectSpatRep><geometObjs Name="HUC10"><geoObjTyp><GeoObjTypCd value="002" Sync="TRUE"></GeoObjTypCd></geoObjTyp><geoObjCnt Sync="TRUE">0</geoObjCnt></geometObjs><topLvl><TopoLevCd value="001" Sync="TRUE"></TopoLevCd></topLvl></VectSpatRep></spatRepInfo><spdoinfo><ptvctinf><esriterm Name="HUC10"><efeatyp Sync="TRUE">Simple</efeatyp><efeageom code="4" Sync="TRUE"></efeageom><esritopo Sync="TRUE">FALSE</esritopo><efeacnt Sync="TRUE">0</efeacnt><spindex Sync="TRUE">FALSE</spindex><linrefer Sync="TRUE">FALSE</linrefer></esriterm></ptvctinf></spdoinfo></metadata>
